"CASEID","POINT_X","POINT_Y","YEAR_","LOCATION","CHPTYPE","DAYWEEK","CRASHSEV","VIOLCAT","KILLED","INJURED","WEATHER1","PEDCOL","BICCOL","MCCOL","TRUCKCOL","ETOH","TIMECAT","MONTH_","CRASHTYP","INVOLVE","PED","PRIMARYRD","SECONDRD","DISTANCE","DIRECT","INTERSECT_","PROCDATE","JURIS","DATE_","TIME_","BADGE","JURIDIST","SHIFT","POP","SPECIAL","BEATTYPE","LAPDDIV","BEATCLAS","BEATNUMB","WEATHER2","STATEHW","CALTRANC","CALTRAND","STROUTE","ROUTESUF","POSTPRE","POSTMILE","LOCATYPE","RAMP","SIDEHW","TOWAWAY","PARTIES","PCF","VIOLCODE","VIOL","VIOLSUB","HITRUN","ROADSURF","RDCOND1","RDCOND2","LIGHTING","RIGHTWAY","CHPRDTYP","NOTPRIV","STFAULT","CHPFAULT","SEVINJ","OTHERINJ","COP","PEDKILL","PEDINJ","BICKILL","BICINJ","MCKILL","MCINJURE","RAMP1","RAMP2","CITY","COUNTY","STATE","X_CHP","Y_CHP"
"5720775",-121.419213047,38.6254550837,2012,"3404","0","5","4","05",0,2,"A",,,,,,2100,6,"B","C","A","ROSEVILLE RD","CONNIE DR",0,,"Y","2013-10-08",3404,"2012-06-15",1856,"713","2","5","7","0","0",,"0","02A","-","N",,0,0,,,0,,,,"Y",2,"A","-",21651,"A","N","A","H","-","A","D","0","Y","-","-",0,0,2,0,0,0,0,0,0,"-","-","SACRAMENTO","SACRAMENTO","CA",0,0
"5720234",0,0,2012,"3450","0","1","4","03",0,1,"A",,,,,,1800,6,"C","C","A","SHELDON RD","POWER INN RD",767,"W","N","2013-10-15",340,"2012-06-25",1712,"10298","3401","5","5","0","0",,"0","003","-","N",,0,0,,,0,,,,"Y",2,"A","-",22350,,"N","A","H","-","A","D","0","Y","A","01",0,0,1,0,0,0,0,0,0,"-","-","ELK GROVE","SACRAMENTO","CA",0,0
"5720233",-121.395208516,38.4090592858,2012,"3450","0","3","4","03",0,2,"A",,,,,,1500,6,"C","C","A","ELK GROVE BL","LAGUNA SPRINGS DR",136,"E","N","2013-10-15",340,"2012-06-20",1454,"10107","4202","5","5","0","0",,"0","004","-","N",,0,0,,,0,,,,"Y",3,"A","-",22350,,"N","A","H","-","A","D","0","Y","A","07",0,0,2,0,0,0,0,0,0,"-","-","ELK GROVE","SACRAMENTO","CA",0,0
"5720232",-121.43021414,38.408898689,2012,"3450","0","5","4","03",0,2,"A",,,,,,1200,6,"C","C","A","ELK GROVE BL","FOULKS RANCH DR",100,"E","N","2013-10-16",340,"2012-06-29",1105,"10007","4103","5","5","0","0",,"0","004","-","N",,0,0,,,0,,,,"N",2,"A","-",22350,,"N","A","H","-","A","A","0","Y","A","07",0,0,2,0,0,0,0,0,0,"-","-","ELK GROVE","SACRAMENTO","CA",0,0
"5720231",-121.437693095,38.4234350273,2012,"3450","0","5","4","03",0,1,"A",,,,,,1200,6,"C","C","A","LAGUNA PARK DR","LAGUNA BL",0,,"Y","2013-10-16",340,"2012-06-22",904,"10174","2302","5","5","0","0",,"0","002","-","N",,0,0,,,0,,,,"N",2,"A","-",22350,,"N","A","H","-","A","D","0","Y","A","07",0,0,1,0,0,0,0,0,0,"-","-","ELK GROVE","SACRAMENTO","CA",0,0
"5720230",-121.448163942,38.4226950665,2012,"3450","0","4","4","05",0,1,"A",,"Y",,,,2400,6,"D","G","A","FRANKLIN BL","LAGUNA BL",150,"S","N","2013-10-16",340,"2012-06-14",2115,"10038","2301","5","5","0","0",,"0","002","-","N",,0,0,,,0,,,,"N",2,"A","-",21650,"1","N","A","H","-","C","D","0","Y","L","04",0,0,1,0,0,0,1,0,0,"-","-","ELK GROVE","SACRAMENTO","CA",0,0
"5720229",0,0,2012,"3450","0","2","4","03",0,1,"A",,,,,,1800,6,"B","I","A","ELK GROVE BL","FIRE POPPY DR",0,"E","N","2013-10-16",340,"2012-06-26",1531,"10097","4102","5","5","0","0",,"0","004","-","N",,0,0,,,0,,,,"Y",1,"A","-",22350,,"N","A","H","-","A","D","0","Y","A","01",0,0,1,0,0,0,0,0,0,"-","-","ELK GROVE","SACRAMENTO","CA",0,0
"5720228",-121.41802311,38.4235150643,2012,"3450","0","5","4","03",0,1,"A",,,,,,1800,6,"C","C","A","BRUCEVILLE RD","LAGUNA BL",0,,"Y","2013-10-16",340,"2012-06-29",1528,"10328","2304","5","5","0","0",,"0","002","-","N",,0,0,,,0,,,,"N",2,"A","-",22350,,"N","A","H","-","A","A","0","Y","A","01",0,0,1,0,0,0,0,0,0,"-","-","ELK GROVE","SACRAMENTO","CA",0,0
"5720227",-121.38394301,38.4380250339,2012,"3450","0","7","4","12",0,2,"A",,,,,,1200,6,"D","C","A","SHELDON RD","VYTINA DR",0,,"Y","2014-01-08",340,"2012-06-24",1025,"10145","3402","5","5","0","0",,"0","003","-","N",,0,0,,,0,,,,,2,"A","-",21453,"A","N","A","H","-","A","A","0","Y","A","01",0,0,2,0,0,0,0,0,0,"-","-","ELK GROVE","SACRAMENTO","CA",0,0
"5720175",-121.326202726,38.2401537611,2012,"3400","5","2","3","08",0,1,"A",,,,,,1800,5,"E","I","A","KOST RD","SARGENT AV",20,"W","N","2013-12-03",9252,"2012-05-29",1705,"15534",,"2","9","0","3",,"2","080","-","N",,0,0,,,0,,,,"Y",1,"A","-",22107,,"N","A","-","-","A","A","0","Y","A","07",0,1,0,0,0,0,0,0,0,"-","-","UNINCORPORATED","SACRAMENTO","CA",-121.32626,38.24023
"5719279",-121.172823111,38.6761149997,2012,"3401","0","5","4","11",0,1,"A","Y",,,,,2400,5,"G","B","D","NATOMA ST","SCOTT ST",0,,"Y","2013-12-03",3401,"2012-05-11",2210,"220",,"5","5","0","0",,"0","002","-","N",,0,0,,,0,,,,"N",2,"A","-",21954,"A","N","A","H","-","C","D","0","Y","N","60",0,0,1,0,1,0,0,0,0,"-","-","FOLSOM","SACRAMENTO","CA",0,0
"5719260",-121.334764414,38.4646589411,2012,"3404","4","1","4","00",0,1,"A",,,,,,1800,4,"H","A","A","BRADSHAW RD","VINTAGE PARK DR",300,"N","N","2013-08-23",9252,"2012-04-23",1730,"17417",,"2","7","0","3",,"2","074","-","N",,0,0,,,0,,,,"N",1,"D","-",0,,"N","A","H","-","A","A","0","Y","-","-",0,0,1,0,0,0,0,0,0,"-","-","SACRAMENTO","SACRAMENTO","CA",-121.3347,38.4649
"5718308",-121.504002178,38.594594127,2012,"3404","1","1","3","03",0,1,"A",,,"Y",,,1800,6,"C","C","A","RT 5","RICHARDS BL",500,"S","N","2014-01-29",9252,"2012-06-25",1652,"17417",,"2","7","0","1",,"2","108","-","Y","SAC",3,5,"-","-",24.56,"H","-","N","N",2,"A","-",22350,,"N","A","H","-","A","D","1","Y","C","02",0,1,0,0,0,0,0,0,1,"-","-","SACRAMENTO","SACRAMENTO","CA",-121.504,38.5957
"5692668",-121.447793139,38.6475750082,2012,"3404","0","2","3","12",0,2,"A",,,,,,1500,6,"D","C","A","RIO LINDA BL","BELL AV",0,,"Y","2013-10-09",3404,"2012-06-12",1231,"593",,"5","7","0","0",,"0","02A","-","N",,0,0,,,0,,,,"Y",2,"A","-",21453,"A","N","A","H","-","A","A","0","Y","-","-",0,1,1,0,0,0,0,0,0,"-","-","SACRAMENTO","SACRAMENTO","CA",0,0
"5692667",0,0,2012,"3404","0","1","4","17",0,1,"A",,,,,,1500,6,"D","C","A","TOWN CENTER DR","DEL PASO RD",0,,"Y","2013-10-09",3404,"2012-06-18",1316,"297","1","5","7","0","0",,"0","00A","-","N",,0,0,,,0,,,,"Y",2,"A","-",21451,"A","N","A","H","-","A","A","0","Y","A","01",0,0,1,0,0,0,0,0,0,"-","-","SACRAMENTO","SACRAMENTO","CA",0,0
"5692666",-121.467553053,38.5504250208,2012,"3404","0","3","4","09",0,1,"A",,,,,,1500,6,"D","C","A","BROADWAY","36TH ST",0,,"Y","2014-01-08",3404,"2012-06-27",1406,"446",,"5","7","0","0",,"0","06A","-","N",,0,0,,,0,,,,"Y",2,"A","-",21804,,"N","A","H","-","A","A","0","Y","A","01",0,0,1,0,0,0,0,0,0,"-","-","SACRAMENTO","SACRAMENTO","CA",0,0
"5692665",-121.504283116,38.5794150523,2012,"3404","0","3","4","12",0,2,"A",,,,,,900,6,"D","C","A","CAPITOL MALL","3RD ST",0,,"Y","2013-10-09",3404,"2012-06-27",637,"486",,"5","7","0","0",,"0",,"-","N",,0,0,,,0,,,,"Y",2,"A","-",21453,"A","N","A","H","-","A","A","0","Y","A","01",0,0,2,0,0,0,0,0,0,"-","-","SACRAMENTO","SACRAMENTO","CA",0,0
"5692664",-121.473353107,38.5712350616,2012,"3404","0","4","4","03",0,1,"A",,,,,,1500,6,"C","C","A","CAPITOL AV","26TH ST",0,,"N","2013-10-09",3404,"2012-06-28",1236,"373",,"5","7","0","0",,"0",,"-","N",,0,0,,,0,,,,"N",2,"A","-",22350,,"N","A","H","-","A","D","0","Y","-","-",0,0,1,0,0,0,0,0,0,"-","-","SACRAMENTO","SACRAMENTO","CA",0,0
"5692663",-121.475553067,38.6112750675,2012,"3404","0","5","4","12",0,1,"A",,,,,,2100,6,"D","C","A","NORTHGATE BL","WEST EL CAMINO AV",0,,"Y","2013-10-09",3404,"2012-06-22",1813,"796",,"5","7","0","0",,"0",,"-","N",,0,0,,,0,,,,"Y",2,"A","-",21453,"A","N","A","H","-","A","A","0","Y","A","01",0,0,1,0,0,0,0,0,0,"-","-","SACRAMENTO","SACRAMENTO","CA",0,0
"5692662",0,0,2012,"3404","0","5","2","01",0,1,"A",,,"Y",,,2100,6,"H","E","A","LACAM CIR","LGT POLE 35 LACA",20,"S","N","2013-10-09",3404,"2012-06-15",1943,"824","6","5","7","0","0",,"0","00C","-","N",,0,0,,,0,,,,"N",2,"A","-",23152,,"N","A","H","-","A","-","0","Y","C","02",1,0,0,0,0,0,0,0,1,"-","-","SACRAMENTO","SACRAMENTO","CA",0,0
"5692661",-121.451845508,38.6337848632,2012,"3404","0","4","2","11",0,1,"A","Y",,,,,1800,6,"G","B","D","KESNER AV","TAYLOR ST",225,"E","N","2013-10-09",3404,"2012-06-28",1757,"236","2","5","7","0","0",,"0","00A","-","N",,0,0,,,0,,,,"N",2,"A","-",21954,"A","N","A","H","-","A","D","0","Y","N","60",1,0,0,0,1,0,0,0,0,"-","-","SACRAMENTO","SACRAMENTO","CA",0,0
"5692654",-121.15985995,38.671435363,2012,"3401","0","6","3","01",0,2,"A",,,,,"Y",300,6,"C","C","A","EAST BIDWELL ST","WALES DR",440,"E","N","2013-10-10",3401,"2012-06-23",217,"221","3401","5","5","0","0",,"0","001","-","N",,0,0,,,0,,,,"Y",2,"A","-",23152,"A","N","A","H","-","C","D","0","Y","A","01",0,1,1,0,0,0,0,0,0,"-","-","FOLSOM","SACRAMENTO","CA",0,0
"5692653",-121.159241281,38.6712150132,2012,"3401","0","4","3","11",0,1,"A","Y",,,,,1500,6,"G","B","E","EAST BIDWELL ST","WALES DR",634,"E","N","2013-10-10",3401,"2012-06-21",1330,"203",,"5","5","0","0",,"0","002","-","N",,0,0,,,0,,,,"N",2,"A","-",21950,"B","N","A","H","-","A","D","0","Y","N","60",0,1,0,0,1,0,0,0,0,"-","-","FOLSOM","SACRAMENTO","CA",0,0
"5692652",0,0,2012,"3401","0","3","4","09",0,2,"A",,,,,,1200,6,"D","C","A","EAST BIDWELL ST","VIA FELICE",386,"S","N","2013-10-10",3401,"2012-06-27",1151,"203",,"5","5","0","0",,"0","004","-","N",,0,0,,,0,,,,"N",2,"A","-",21804,"A","N","A","H","-","A","D","0","Y","A","01",0,0,2,0,0,0,0,0,0,"-","-","FOLSOM","SACRAMENTO","CA",0,0
"5692577",-121.50858395,38.5667874089,2012,"3404","0","6","4","12",0,2,"A",,,,,,900,6,"D","C","A","3RD ST","X ST",21,"S","N","2013-12-24",3404,"2012-06-23",610,"0200","4","5","7","0","0",,"0","00A","-","N",,0,0,,,0,,,,"Y",2,"A","-",22450,"A","N","A","H","-","A","D","0","Y","A","01",0,0,2,0,0,0,0,0,0,"-","-","SACRAMENTO","SACRAMENTO","CA",0,0
"5692547",-121.4494031,38.49913512,2012,"3400","4","4","4","05",0,1,"A",,"Y",,,,1200,5,"D","G","A","FLORIN RD","RT 99",0,,"Y","2014-02-28",9252,"2012-05-31",930,"15718",,"1","9","0","2",,"1","072","-","Y","SAC",3,99,"-","-",19.808,"R","4","S","N",2,"A","-",21650,,"N","A","H","-","A","D","1","Y","L","04",0,0,1,0,0,0,1,0,0,"-","EF","UNINCORPORATED","SACRAMENTO","CA",-121.44808,38.49603
"5692391",-121.467369942,38.524157654,2012,"3404","3","1","4","03",0,2,"A",,,,,,1800,6,"C","C","A","RT 99","FRUITRIDGE RD",155,"S","N","2014-02-24",9252,"2012-06-25",1529,"18723",,"2","7","0","1",,"2","192","-","Y","SAC",3,99,"-","-",21.91,"H","-","S","Y",3,"A","-",22350,,"N","A","H","-","A","D","1","Y","A","01",0,0,2,0,0,0,0,0,0,"-","-","SACRAMENTO","SACRAMENTO","CA",-121.46725,38.52362
"5692376",-121.453003256,38.559132589,2012,"3404","2","7","3","03",0,2,"A",,,,,,600,6,"C","C","A","RT 50","48TH AV",1760,"W","N","2014-02-24",9252,"2012-06-17",445,"18139",,"3","7","0","1",,"2","151","-","Y","SAC",3,50,"-","R",1.08,"H","-","W","N",2,"A","-",22350,,"F","A","H","-","C","D","1","Y","A","01",0,1,1,0,0,0,0,0,0,"-","-","SACRAMENTO","SACRAMENTO","CA",-121.4485,38.5579
"5692372",-121.402573283,38.439474873,2012,"3450","3","3","3","08",0,2,"A",,,,,,1800,6,"A","C","A","RT 99","SHELDON RD",0,,"Y","2014-02-24",9252,"2012-06-13",1638,"14477",,"2","5","0","1",,"2","191","-","Y","SAC",3,99,"-","-",14.918,"R","1","S","Y",3,"A","-",22107,,"F","A","H","-","A","D","1","Y","A","01",0,1,1,0,0,0,0,0,0,"TO","-","ELK GROVE","SACRAMENTO","CA",-121.40317,38.43789
"5692371",-121.507043304,38.578566735,2012,"3404","1","2","4","03",0,1,"A",,,,,,1800,6,"C","C","A","RT 5","Q ST",50,"N","N","2014-02-06",9252,"2012-06-19",1500,"17142",,"2","7","0","1",,"2","108","-","Y","SAC",3,5,"-","-",23.11,"H","-","S","N",2,"A","-",22350,,"N","A","H","-","A","D","1","Y","A","07",0,0,1,0,0,0,0,0,0,"-","-","SACRAMENTO","SACRAMENTO","CA",-121.50154,38.56619
"5692368",-121.45174083,38.501674537,2012,"3400","3","5","4","03",0,1,"A",,,,,,1200,6,"C","C","A","RT 99","TURNBRIDGE DR",500,"S","N","2014-02-24",9252,"2012-06-22",1140,"14510",,"1","9","0","1",,"2","192","-","Y","SAC",3,99,"-","-",20.09,"H","-","N","N",2,"A","-",22350,,"F","A","H","-","A","D","1","Y","A","01",0,0,1,0,0,0,0,0,0,"-","-","UNINCORPORATED","SACRAMENTO","CA",-121.45245,38.50235
"5692367",-121.500724194,38.565510412,2012,"3404","2","1","4","03",0,1,"A",,,,,,1800,6,"C","C","A","RT 50","9TH ST",10,"W","N","2014-02-24",9252,"2012-06-18",1730,"17142",,"2","7","0","1",,"2","150","-","Y","SAC",3,50,"-","L",0.88,"H","-","E","N",2,"A","-",22350,,"N","A","H","-","A","D","1","Y","A","01",0,0,1,0,0,0,0,0,0,"-","-","SACRAMENTO","SACRAMENTO","CA",-121.50154,38.56619
"5692364",-121.447375003,38.497524923,2012,"3404","3","5","4","03",0,1,"A",,,,,,1200,6,"C","C","A","RT 99","FLORIN RD",500,"N","N","2014-02-24",9252,"2012-06-22",1140,"18409",,"1","7","0","1",,"2","192","-","Y","SAC",3,99,"-","-",19.7,"H","-","N","N",2,"A","-",22350,,"N","A","H","-","A","D","1","Y","A","01",0,0,1,0,0,0,0,0,0,"-","-","SACRAMENTO","SACRAMENTO","CA",-121.2659,38.3
"5692363",-121.334248499,38.340121222,2012,"3400","3","1","3","08",0,3,"A",,,,,,1800,6,"E","I","A","RT 99","DILLARD RD",528,"S","N","2014-02-24",9252,"2012-06-04",1615,"16747",,"2","9","0","1",,"2","190","B","Y","SAC",3,99,"-","-",7.19,"H","-","S","Y",1,"A","-",22107,,"N","A","H","-","A","D","1","Y","A","01",0,1,2,0,0,0,0,0,0,"-","-","UNINCORPORATED","SACRAMENTO","CA",-121.33461,38.34093
"5692360",-121.506871314,38.578767167,2012,"3404","1","7","4","03",0,2,"A",,,,,,1800,6,"C","C","A","RT 5","Q ST",300,"N","N","2014-02-10",9252,"2012-06-24",1611,"18648",,"2","7","0","1",,"2","108","-","Y","SAC",3,5,"-","-",23.16,"H","-","S","Y",2,"A","-",22350,,"N","A","H","-","A","D","1","Y","J","41",0,0,2,0,0,0,0,0,0,"-","-","SACRAMENTO","SACRAMENTO","CA",-121.6801,38.57674
"5692359",-121.464084507,38.517903652,2012,"3400","3","7","4","07",0,2,"A",,,,,,1200,6,"E","I","A","RT 99","MARTIN LUTHER KING JR BL",680,"S","N","2014-02-28",9252,"2012-06-24",1005,"14977",,"1","9","0","1",,"2","192","-","Y","SAC",3,99,"-","-",21.44,"H","-","S","Y",2,"A","-",21658,"A","M","A","H","-","A","D","1","Y","A","01",0,0,2,0,0,0,0,0,0,"-","-","UNINCORPORATED","SACRAMENTO","CA",-121.46018,38.50906
"5692355",-121.474031,38.54672456,2012,"3404","3","4","4","07",0,1,"A",,,,,,2400,6,"B","C","A","RT 99","5TH AV",300,"N","N","2014-02-24",9252,"2012-06-21",2304,"18423",,"3","7","0","1",,"2","192","-","Y","SAC",3,99,"-","-",23.78,"H","-","S","Y",2,"A","-",21658,"A","N","A","H","-","C","D","1","Y","-","-",0,0,1,0,0,0,0,0,0,"-","-","SACRAMENTO","SACRAMENTO","CA",-121.47415,38.54993
"5692351",-121.463421196,38.517290303,2012,"3400","3","4","4","03",0,2,"A",,,,,,1500,6,"C","C","A","RT 99","MARTIN LUTHER KING JR BL",528,"S","N","2014-02-06",9252,"2012-06-21",1450,"18961",,"2","9","0","1",,"2","192","-","Y","SAC",3,99,"-","-",21.47,"H","-","N","Y",2,"A","-",22350,,"N","A","H","-","A","D","1","Y","A","01",0,0,2,0,0,0,0,0,0,"-","-","UNINCORPORATED","SACRAMENTO","CA",-121.46502,38.52063
"5692347",-121.428454749,38.479483586,2012,"3400","3","7","4","01",0,3,"A",,,,,"Y",600,6,"C","C","A","RT 99","MACK RD",1941,"N","N","2014-02-24",9252,"2012-06-17",539,"14977",,"3","9","0","1",,"2","192","-","Y","SAC",3,99,"-","-",18.03,"H","-","S","Y",2,"A","-",23152,"A","N","A","H","-","A","D","1","Y","A","01",0,0,3,0,0,0,0,0,0,"-","-","UNINCORPORATED","SACRAMENTO","CA",-121.41421,38.46319
"5692236",-121.445628215,38.5315189466,2012,"3404","0","1","4","03",0,2,"A",,,,,,1500,6,"C","C","A","STOCKTON BL","PERRY AV",60,"N","N","2013-10-11",3404,"2012-06-04",1440,"00001",,"5","7","0","0",,"0",,"-","N",,0,0,,,0,,,,"Y",3,"A","-",22350,,"N","A","H","-","A","A","0","Y","A","01",0,0,2,0,0,0,0,0,0,"-","-","SACRAMENTO","SACRAMENTO","CA",-121.44581,38.53186
"5691473",-121.349371568,38.452690107,2012,"3400","5","2","3","08",0,1,"A",,"Y",,,,2100,6,"E","I","A","CALVINE RD","KINGSBRIDGE DR",200,"W","N","2013-10-10",9252,"2012-06-26",1910,"016747",,"2","9","0","3",,"2","074","-","N",,0,0,,,0,,,,"N",1,"A","-",22107,,"N","A","H","-","A","D","0","Y","L","04",0,1,0,0,0,0,1,0,0,"-","-","UNINCORPORATED","SACRAMENTO","CA",-121.34912,38.45277
"5691472",-121.429193087,38.4961850197,2012,"3400","4","3","4","12",0,1,"A",,,,,,1800,6,"D","C","A","FLORIN RD","STOCKTON BL",0,,"Y","2013-10-10",9252,"2012-06-13",1715,"016747",,"2","9","0","2",,"2","073","-","N",,0,0,,,0,,,,"Y",2,"A","-",21453,"A","N","A","H","-","A","A","0","Y","A","01",0,0,1,0,0,0,0,0,0,"-","-","UNINCORPORATED","SACRAMENTO","CA",-121.42906,38.49598
"5691471",-121.439603123,38.5014651079,2012,"3400","4","2","2","03",0,1,"A",,,"Y",,,1500,6,"C","C","A","SKY PKWY","KLINGON CT",250,"E","N","2013-10-10",9252,"2012-06-12",1425,"016747",,"2","9","0","2",,"1","072","-","N",,0,0,,,0,,,,"N",2,"A","-",22350,,"N","A","H","-","A","D","0","Y","C","02",1,0,0,0,0,0,0,0,1,"-","-","UNINCORPORATED","SACRAMENTO","CA",-121.43892,38.50182
"5691470",-121.438642385,38.4962250834,2012,"3400","4","6","4","03",0,1,"A",,,,,,1500,6,"C","C","A","FLORIN RD","65TH ST EXPWY",140,"W","N","2013-10-10",9252,"2012-06-23",1352,"015342",,"1","9","0","2",,"1","072","-","N",,0,0,,,0,,,,"Y",3,"A","-",22350,,"N","A","H","-","A","D","0","Y","A","01",0,0,1,0,0,0,0,0,0,"-","-","UNINCORPORATED","SACRAMENTO","CA",-121.43844,38.49605
"5691469",-121.429559023,38.4969571381,2012,"3400","4","4","4","21",0,2,"A",,,,,,1500,6,"C","C","A","STOCKTON BL","FLORIN RD",300,"N","N","2013-10-10",9252,"2012-06-21",1335,"018787",,"1","9","0","2",,"2","073","-","N",,0,0,,,0,,,,"N",2,"A","-",22106,,"N","A","H","-","A","A","0","Y","A","07",0,0,2,0,0,0,0,0,0,"-","-","UNINCORPORATED","SACRAMENTO","CA",-121.26465,38.51524
"5691468",-121.338429296,38.4635418535,2012,"3400","5","2","2","08",0,1,"A",,"Y",,,,2400,6,"C","G","A","VINTAGE PARK DR","BRADSHAW RD",1056,"W","N","2013-10-11",9252,"2012-06-19",2110,"017679",,"2","9","0","3",,"2","074","-","N",,0,0,,,0,,,,"N",2,"A","-",22107,,"N","A","H","-","D","D","0","Y","A","01",1,0,0,0,0,0,1,0,0,"-","-","UNINCORPORATED","SACRAMENTO","CA",-121.33851,38.46366
"5691467",-121.441553057,38.4962249967,2012,"3400","4","1","4","01",0,3,"A",,,,,"Y",2400,6,"D","C","A","FLORIN RD","55TH ST",0,,"Y","2013-10-11",9252,"2012-06-25",2207,"014957",,"3","9","0","2",,"1","072","-","N",,0,0,,,0,,,,"Y",2,"A","-",23152,"A","N","A","H","-","C","A","0","Y","A","01",0,0,3,0,0,0,0,0,0,"-","-","UNINCORPORATED","SACRAMENTO","CA",-121.44152,38.49602
"5691466",-121.39491314,38.4605250706,2012,"3400","4","7","4","09",0,3,"A",,,,,,1800,6,"D","D","A","SPENGLER DR","TRIMMER WY",0,,"Y","2013-10-11",9252,"2012-06-17",1522,"018986",,"2","9","0","2",,"2","073","-","N",,0,0,,,0,,,,"Y",2,"A","-",21802,,"N","A","H","-","A","D","0","Y","A","01",0,0,3,0,0,0,0,0,0,"-","-","UNINCORPORATED","SACRAMENTO","CA",-121.39479,38.46046
"5691464",-121.371804113,38.4563649257,2012,"3400","4","1","4","03",0,1,"A",,,,,,1800,6,"C","C","A","ELK GROVE FLORIN RD","ROBBINS RD",40,"N","N","2013-10-11",9252,"2012-06-25",1730,"018782",,"2","9","0","2",,"2","073","-","N",,0,0,,,0,,,,"Y",2,"A","-",22350,,"N","A","H","-","A","A","0","Y","A","01",0,0,1,0,0,0,0,0,0,"-","-","UNINCORPORATED","SACRAMENTO","CA",-121.37182,36.45665
"5691463",-121.528053131,38.2108552087,2012,"3400","5","1","4","08",0,1,"A",,,,,,1800,6,"F","A","A","RACE TRACK RD","WALNUT GROVE-THORNTON RD",10032,"S","N","2013-10-11",9252,"2012-06-25",1540,"017663",,"2","9","0","3",,"2","090","-","N",,0,0,,,0,,,,"Y",1,"A","-",22107,,"N","A","H","-","A","D","0","Y","A","01",0,0,1,0,0,0,0,0,0,"-","-","UNINCORPORATED","SACRAMENTO","CA",0,0
"5691462",-121.340151312,38.3943982847,2012,"3400","4","1","4","03",0,1,"A",,,,,,1800,6,"C","C","A","GRANT LINE RD","MOSER RD",2640,"E","N","2013-10-11",9252,"2012-06-11",1720,"017134",,"2","9","0","2",,"2","082","-","N",,0,0,,,0,,,,"Y",2,"A","-",22350,,"N","A","H","-","A","D","0","Y","A","07",0,0,1,0,0,0,0,0,0,"-","-","UNINCORPORATED","SACRAMENTO","CA",0,0
"5690684",-121.473954602,38.542262308,2012,"3404","3","7","4","03",0,2,"A",,,,,,2400,6,"C","C","A","RT 99","12TH AV",200,"N","N","2014-02-24",9252,"2012-06-24",2220,"18243",,"3","7","0","1",,"2","192","-","Y","SAC",3,99,"-","-",23.17,"H","-","S","N",2,"A","-",22350,,"N","A","H","-","C","D","1","Y","A","01",0,0,2,0,0,0,0,0,0,"-","-","SACRAMENTO","SACRAMENTO","CA",-121.47389,38.54312
"5690681",-121.401065598,38.436038275,2012,"3450","3","1","3","18",0,2,"A",,,,"Y",,1800,6,"E","J","A","RT 99","SHELDON RD",528,"S","N","2014-01-08",9252,"2012-06-25",1725,"18723",,"2","5","0","1",,"2","191","-","Y","SAC",3,99,"-","-",14.76,"H","-","S","N",2,"C","-",0,,"N","A","H","-","A","D","1","Y","-","-",0,2,0,0,0,0,0,0,0,"-","-","ELK GROVE","SACRAMENTO","CA",-121.39426,38.42122
"5690680",-121.473773446,38.545395918,2012,"3404","3","3","3","08",0,1,"A",,,,"Y",,600,6,"E","I","A","RT 99","8TH AV",246,"N","N","2014-02-24",9252,"2012-06-27",503,"017048",,"3","7","0","1",,"2","192","-","Y","SAC",3,99,"-","-",23.47,"H","-","N","Y",4,"A","-",22107,,"N","A","H","-","B","D","1","Y","F","26",0,1,0,0,0,0,0,0,0,"-","-","SACRAMENTO","SACRAMENTO","CA",-121.47268,38.5518
"5690666",-121.452385726,38.558959948,2012,"3404","2","5","4","03",0,1,"B",,,,"Y",,1800,6,"C","C","A","RT 50","48TH ST",1500,"W","N","2014-02-24",9252,"2012-06-22",1550,"14755",,"2","7","0","1",,"2","151","-","Y","SAC",3,50,"-","R",1.13,"H","-","W","Y",5,"A","-",22350,,"N","A","H","-","A","D","1","Y","A","01",0,0,1,0,0,0,0,0,0,"-","-","SACRAMENTO","SACRAMENTO","CA",-121.4493,38.55811
"5690663",-121.469578157,38.559479886,2012,"3404","2","1","4","03",0,2,"A",,,,,,1800,6,"C","C","A","RT 50","ALHAMBRA BL",500,"E","N","2014-02-24",9252,"2012-06-25",1645,"014512",,"2","7","0","1",,"2","151","-","Y","SAC",3,50,"-","R",0.22,"H","-","W","N",3,"A","-",22350,,"N","A","H","-","A","D","1","Y","E","22",0,0,2,0,0,0,0,0,0,"-","-","SACRAMENTO","SACRAMENTO","CA",-121.46857,38.55968
"5690465",-121.428473156,38.5664850029,2012,"3404","0","1","3","09",0,1,"A",,"Y",,,,1200,6,"H","G","A","CARLSON DR","J ST",0,,"Y","2013-10-15",3404,"2012-06-25",1049,"892",,"5","7","0","0",,"0","03C","-","N",,0,0,,,0,,,,"Y",2,"A","-",21804,"A","N","A","H","-","A","A","0","Y","L","04",0,1,0,0,0,0,1,0,0,"-","-","SACRAMENTO","SACRAMENTO","CA",0,0
"5690464",-121.163083054,38.6495550195,2012,"3401","0","2","4","12",0,2,"A",,,,,,1200,6,"D","C","A","PRAIRIE CITY RD","IRON POINT RD",0,,"Y","2013-10-15",3401,"2012-06-26",1006,"209",,"5","5","0","0",,"0","004","-","N",,0,0,,,0,,,,"Y",4,"A","-",21453,"A","N","A","H","-","A","A","0","Y","A","07",0,0,2,0,0,0,0,0,0,"-","-","FOLSOM","SACRAMENTO","CA",0,0