"CASEID","POINT_X","POINT_Y","YEAR_","LOCATION","CHPTYPE","DAYWEEK","CRASHSEV","VIOLCAT","KILLED","INJURED","WEATHER1","PEDCOL","BICCOL","MCCOL","TRUCKCOL","ETOH","TIMECAT","MONTH_","CRASHTYP","INVOLVE","PED","PRIMARYRD","SECONDRD","DISTANCE","DIRECT","INTERSECT_","PROCDATE","JURIS","DATE_","TIME_","BADGE","JURIDIST","SHIFT","POP","SPECIAL","BEATTYPE","LAPDDIV","BEATCLAS","BEATNUMB","WEATHER2","STATEHW","CALTRANC","CALTRAND","STROUTE","ROUTESUF","POSTPRE","POSTMILE","LOCATYPE","RAMP","SIDEHW","TOWAWAY","PARTIES","PCF","VIOLCODE","VIOL","VIOLSUB","HITRUN","ROADSURF","RDCOND1","RDCOND2","LIGHTING","RIGHTWAY","CHPRDTYP","NOTPRIV","STFAULT","CHPFAULT","SEVINJ","OTHERINJ","COP","PEDKILL","PEDINJ","BICKILL","BICINJ","MCKILL","MCINJURE","RAMP1","RAMP2","CITY","COUNTY","STATE","X_CHP","Y_CHP"
"5614380",-121.354263096,38.4640750242,2012,"3404","5","5","4","10",0,1,"A","Y",,,,,900,4,"G","B","B","VINTAGE PARK DR","WATERMAN RD",0,,"Y","2013-08-24",9252,"2012-04-20",638,"15342",,"1","7","0","3",,"2","070","-","N",,0,0,,,0,,,,"N",2,"A","-",21950,"A","N","A","H","-","A","A","0","Y","A","01",0,0,1,0,1,0,0,0,0,"-","-","SACRAMENTO","SACRAMENTO","CA",-121.3543,38.4641
"5614376",-121.42761187,38.5037405673,2012,"3400","4","6","4","08",0,1,"A",,,,,,600,4,"E","I","A","65TH ST","53RD AV",530,"N","N","2013-08-24",9252,"2012-04-28",440,"18233",,"3","9","0","2",,"2","073","-","N",,0,0,,,0,,,,"Y",1,"A","-",22107,,"N","A","H","-","C","D","0","Y","A","08",0,0,1,0,0,0,0,0,0,"-","-","UNINCORPORATED","SACRAMENTO","CA",-121.42754,38.20347
"5614372",-121.397758201,38.4960650804,2012,"3400","4","1","4","03",0,1,"A",,,,,,1800,4,"C","C","A","FLORIN RD","REESE RD",10,"E","N","2013-08-24",9252,"2012-04-30",1515,"15718",,"2","9","0","2",,"2","073","-","N",,0,0,,,0,,,,"Y",2,"A","-",22350,,"N","A","H","-","A","D","0","Y","A","07",0,0,1,0,0,0,0,0,0,"-","-","UNINCORPORATED","SACRAMENTO","CA",-121,38
"5614371",-121.481033112,38.560265122,2012,"3404","2","6","4","03",0,1,"A",,,,,,1200,4,"C","C","A","RT 50","U ST",30,"S","N","2014-02-20",9252,"2012-04-28",1100,"17939",,"1","7","0","1",,"2","150","-","Y","SAC",3,50,"-","L",2.137,"R","2","E","N",2,"A","-",22350,,"M","A","H","-","A","D","1","Y","A","01",0,0,1,0,0,0,0,0,0,"TO","-","SACRAMENTO","SACRAMENTO","CA",-121.47175,38.56065
"5614364",-121.414270527,38.4654017581,2012,"3404","4","7","4","03",0,1,"A",,,,,,1500,4,"C","C","A","EAST STOCKTON BL","STEVENSON AV",50,"N","N","2013-08-24",9252,"2012-04-29",1225,"18409",,"1","7","0","2",,"2","073","-","N",,0,0,,,0,,,,"Y",2,"A","-",22350,,"N","A","H","-","A","D","0","Y","A","01",0,0,1,0,0,0,0,0,0,"-","-","SACRAMENTO","SACRAMENTO","CA",-121.41486,38.46717
"5614359",-121.291715783,38.251647626,2012,"3402","3","1","4","08",0,1,"A",,,,,,900,4,"E","I","A","RT 99","C ST",792,"S","N","2014-02-04",9252,"2012-04-23",735,"11768",,"1","3","0","1",,"2","191","-","Y","SAC",3,99,"-","-",0.64,"H","-","N","Y",1,"A","-",22107,,"N","A","H","-","A","D","1","Y","A","07",0,0,1,0,0,0,0,0,0,"-","-","GALT","SACRAMENTO","CA",-121.29255,38.25271
"5614352",-121.405162888,38.4525268487,2012,"3400","4","6","4","21",0,1,"A",,,,,,1800,4,"C","C","A","POWER INN RD","CALVINE RD",25,"S","N","2013-08-24",9252,"2012-04-07",1500,"18668",,"2","9","0","2",,"2","073","-","N",,0,0,,,0,,,,"N",2,"A","-",22106,,"M","-","A","H","A","D","0","Y","A","07",0,0,1,0,0,0,0,0,0,"-","-","UNINCORPORATED","SACRAMENTO","CA",-121.4054,38.45588
"5614351",-121.398874174,38.431091744,2012,"3450","3","2","4","07",0,1,"A",,,,,,2100,4,"B","I","A","RT 99","LAGUNA BL",2640,"N","N","2014-01-08",9252,"2012-04-17",1815,"17134",,"2","5","0","1",,"2","191","-","Y","SAC",3,99,"-","-",14.34,"H","-","S","Y",2,"A","-",21658,"A","F","A","H","-","A","D","1","Y","A","01",0,0,1,0,0,0,0,0,0,"-","-","ELK GROVE","SACRAMENTO","CA",-121.39778,38.42835
"5614347",-121.407091783,38.554130795,2012,"3404","2","4","4","03",0,1,"B",,,,,,900,4,"C","C","A","RT 50","POWER INN RD",300,"W","N","2014-02-24",9252,"2012-04-26",845,"18409",,"1","7","0","1",,"2","151","-","Y","SAC",3,50,"-","R",3.61,"H","-","E","N",2,"A","-",22350,,"N","A","H","-","A","D","1","Y","A","01",0,0,1,0,0,0,0,0,0,"-","-","SACRAMENTO","SACRAMENTO","CA",-121.40884,38.55341
"5614343",-121.50410312,38.596615467,2012,"3404","1","4","4","08",0,1,"B",,,,,,600,4,"E","I","A","RT 5","RICHARDS BL",75,"S","N","2014-02-05",9252,"2012-04-12",540,"17325",,"3","7","0","1",,"2","108","C","Y","SAC",3,5,"-","-",24.64,"H","-","S","Y",3,"A","-",22107,,"N","B","H","-","D","D","1","Y","A","01",0,0,1,0,0,0,0,0,0,"-","-","SACRAMENTO","SACRAMENTO","CA",-121.28511,38.87572
"5614327",-121.370174919,38.384418837,2012,"3450","3","7","4","08",0,1,"A",,,,,,1200,4,"F","I","A","RT 99","GRANT LINE RD",3696,"N","N","2014-01-08",9252,"2012-04-22",1012,"14510",,"1","5","0","1",,"2","191","-","Y","SAC",3,99,"-","-",10.77,"H","-","S","Y",1,"A","-",22107,,"N","A","H","-","A","D","1","Y","A","07",0,0,1,0,0,0,0,0,0,"-","-","ELK GROVE","SACRAMENTO","CA",-121.37005,38.38417
"5614323",-121.463888421,38.560901508,2012,"3404","2","2","4","03",0,1,"A",,,,,,1800,4,"B","C","A","RT 50","STOCKTON BL",100,"W","N","2014-02-04",9252,"2012-04-24",1635,"17417",,"2","7","0","1",,"2","151","-","Y","SAC",3,50,"-","R",0.57,"H","-","W","Y",2,"A","-",22350,,"N","A","H","-","A","D","1","Y","A","01",0,0,1,0,0,0,0,0,0,"-","-","SACRAMENTO","SACRAMENTO","CA",-121.4663,38.5601
"5614305",-121.396175977,38.4822913359,2012,"3400","5","3","4","09",0,2,"B",,,,,,1200,4,"D","C","A","REESE RD","GERBER RD",200,"N","N","2014-02-25",9252,"2012-04-25",1050,"17142",,"1","9","0","3",,"2","070","-","N",,0,0,,,0,,,,"Y",2,"A","-",21804,"A","N","A","H","-","A","D","0","Y","A","07",0,0,2,0,0,0,0,0,0,"-","-","UNINCORPORATED","SACRAMENTO","CA",-121.39636,38.48273
"5614125",-121.52749314,38.5147949783,2012,"3404","0","7","4","03",0,2,"A",,,,,,2100,5,"-","-","A","RIVERSIDE BL","GREENHAVEN DR",0,,"Y","2013-09-14",3404,"2012-05-06",1824,"0262",,"5","7","0","0",,"0","04C","-","N",,0,0,,,0,,,,"N",2,"A","-",22350,,"N","A","H","-","A","-","0","Y","A","01",0,0,2,0,0,0,0,0,0,"-","-","SACRAMENTO","SACRAMENTO","CA",0,0
"5614121",-121.499663102,38.5831850174,2012,"3404","0","6","4","12",0,1,"A",,,,,,1200,5,"D","C","A","I ST","5TH ST",0,,"Y","2013-09-14",3404,"2012-05-12",1011,"0486",,"5","7","0","0",,"0",,"-","N",,0,0,,,0,,,,"Y",2,"A","-",21453,"A","N","A","H","-","A","A","0","Y","A","07",0,0,1,0,0,0,0,0,0,"-","-","SACRAMENTO","SACRAMENTO","CA",0,0
"5614117",-121.480656315,38.5646113456,2012,"3404","0","6","3","14",0,1,"A",,"Y",,,,2400,5,"G","G","A","T ST","23RD ST",7,"W","N","2013-09-14",3404,"2012-05-12",2139,"0540","CENTR","5","7","0","0",,"0","03B","-","N",,0,0,,,0,,,,"N",2,"A","-",21201,"D","N","A","H","-","C","D","0","Y","L","04",0,1,0,0,0,0,1,0,0,"-","-","SACRAMENTO","SACRAMENTO","CA",0,0
"5614113",-121.453923113,38.600085128,2012,"3404","0","5","4","09",0,2,"A",,,,,,1500,5,"A","C","A","LEISURE LN","RT 160",0,,"Y","2014-02-03",3404,"2012-05-04",1438,"0394","SACRA","5","7","0","0",,"0","02C","-","Y","SAC",3,160,"-","-",45.765,"R","4","N","N",2,"A","-",21801,"A","N","A","H","-","A","D","0","Y","A","01",0,0,2,0,0,0,0,0,0,"-","EO","SACRAMENTO","SACRAMENTO","CA",0,0
"5613256",-121.429360177,38.4743050763,2012,"3404","0","6","4","09",0,1,"A",,,,,,2400,4,"D","C","A","MACK RD","LA MANCHA WY",606,"W","N","2013-08-26",3404,"2012-04-28",2309,"514","5","5","7","0","0",,"0","05B","-","N",,0,0,,,0,,,,"Y",2,"A","-",21801,,"N","A","H","-","C","D","0","Y","A","01",0,0,1,0,0,0,0,0,0,"-","-","SACRAMENTO","SACRAMENTO","CA",0,0
"5613158",0,0,2012,"3404","0","7","4","-",0,1,"A",,,,,,900,4,"D","C","A","EXPO PKWY","CHALLENGE WY",0,,"Y","2013-11-08",3404,"2012-04-29",749,"234",,"5","7","0","0",,"0",,"-","N",,0,0,,,0,,,,"Y",2,"A","-",0,,"N","A","H","-","A","A","0","Y","A","01",0,0,1,0,0,0,0,0,0,"-","-","SACRAMENTO","SACRAMENTO","CA",0,0
"5612367",-121.392553085,38.4091149592,2012,"3450","0","2","4","12",0,1,"A",,,,,,1800,5,"B","C","A","ELK GROVE BL","AUTO CENTER DR",0,,"Y","2013-09-24",340,"2012-05-08",1632,"10031","4203","5","5","0","0",,"0","004","-","N",,0,0,,,0,,,,"N",2,"A","-",21453,"A","N","A","H","-","A","A","0","Y","A","01",0,0,1,0,0,0,0,0,0,"-","-","ELK GROVE","SACRAMENTO","CA",0,0
"5612347",0,0,2012,"3450","0","2","4","22",0,1,"A",,,,,,1200,5,"C","E","A","STATHOS DR","STATHOS DR 10325",0,,"N","2013-09-24",340,"2012-05-08",1101,"10031","4303","5","5","0","0",,"0","004","-","N",,0,0,,,0,,,,"N",2,"B","-",0,,"N","A","H","-","A","D","0","Y","-","-",0,0,1,0,0,0,0,0,0,"-","-","ELK GROVE","SACRAMENTO","CA",0,0
"5611562",-121.375065059,38.5531863224,2012,"3400","4","7","4","01",0,2,"A",,,,,"Y",2400,5,"C","C","A","FOLSOM BL","WATT AV",45,"E","N","2013-09-21",9260,"2012-05-06",2145,"015583",,"2","9","0","2",,"2","101","-","N",,0,0,,,0,,,,"N",2,"A","-",23152,"A","F","A","H","-","C","A","0","Y","A","01",0,0,2,0,0,0,0,0,0,"-","-","UNINCORPORATED","SACRAMENTO","CA",-121.37498,38.5532
"5611561",-121.303695341,38.581212589,2012,"3490","2","4","4","03",0,1,"A",,,,,,900,5,"C","C","A","RT 50","MATHER FIELD RD",1000,"E","N","2014-01-15",9260,"2012-05-03",740,"013560",,"1","5","0","1",,"2","501","-","Y","SAC",3,50,"-","R",9.7,"H","-","W","Y",3,"A","-",22350,,"N","A","H","-","A","D","1","Y","A","01",0,0,1,0,0,0,0,0,0,"-","-","RANCHO CORDOVA","SACRAMENTO","CA",0,0
"5611360",-121.427653153,38.5396450776,2012,"3404","0","1","4","12",0,2,"A",,,,,,1500,4,"A","C","A","65TH ST EXPWY","14TH AV",0,,"Y","2013-08-23",3404,"2012-04-30",1437,"423",,"5","7","0","0",,"0",,"-","N",,0,0,,,0,,,,"Y",2,"A","-",21453,"A","N","A","H","-","A","A","0","Y","-","-",0,0,2,0,0,0,0,0,0,"-","-","SACRAMENTO","SACRAMENTO","CA",0,0
"5611115",-121.197623077,38.63972515,2012,"3401","0","3","2","03",0,1,"A",,,,,,1800,3,"C","C","A","FOLSOM BL","RT 50",166,"S","N","2013-10-07",3401,"2012-03-28",1706,"190",,"5","5","0","0",,"0","004","-","Y","SAC",3,50,"-","-",16.913,"R","4","E","Y",2,"A","-",22350,,"N","A","H","-","A","D","0","Y","A","01",1,0,0,0,0,0,0,0,0,"-","EO","FOLSOM","SACRAMENTO","CA",0,0
"5610668",-121.305893103,38.7074250152,2012,"3496","0","7","4","09",0,1,"A",,,,,,2100,4,"B","C","A","ANTELOPE RD","GARDEN GATE DR",0,,"Y","2013-08-26",3496,"2012-04-22",1854,"305",,"5","5","0","0",,"0","001","-","N",,0,0,,,0,,,,"Y",2,"A","-",21453,"C","N","A","H","-","A","A","0","Y","-","-",0,0,1,0,0,0,0,0,0,"-","-","CITRUS HEIGHTS","SACRAMENTO","CA",0,0
"5610664",-121.292421123,38.6783508841,2012,"3496","0","1","4","03",0,5,"A",,,,,,1500,4,"C","C","A","GREENBACK LN","SAN JUAN AV",15,"E","N","2013-08-26",3496,"2012-04-30",1332,"175",,"5","5","0","0",,"0",,"-","N",,0,0,,,0,,,,"N",2,"A","-",22350,,"N","A","H","-","A","A","0","Y","A","01",0,0,5,0,0,0,0,0,0,"-","-","CITRUS HEIGHTS","SACRAMENTO","CA",0,0
"5609893",-121.356863123,38.4053250166,2012,"3450","0","6","4","08",0,1,"A",,,"Y",,,2100,4,"B","C","A","LARK ST","WEBB ST",0,,"Y","2013-08-14",340,"2012-04-28",1907,"10149","5601","5","5","0","0",,"0","005","-","N",,0,0,,,0,,,,"N",2,"A","-",22107,,"N","A","H","-","A","D","0","Y","C","03",0,0,1,0,0,0,0,0,1,"-","-","ELK GROVE","SACRAMENTO","CA",0,0
"5609865",0,0,2012,"3450","0","7","4","03",0,3,"B",,,,,,300,4,"E","I","A","BRUCEVILLE RD","MACHADO RANCH DR",0,,"Y","2013-08-14",340,"2012-04-29",155,"10332","4303","5","5","0","0",,"0","004","-","N",,0,0,,,0,,,,"Y",1,"A","-",22350,,"N","A","H","-","D","A","0","Y","A","01",0,0,3,0,0,0,0,0,0,"-","-","ELK GROVE","SACRAMENTO","CA",0,0
"5609666",-121.494547879,38.5621374075,2012,"3404","0","4","4","01",0,1,"B","Y",,,,"Y",300,5,"G","B","F","BROADWAY","15TH ST",240,"W","N","2013-09-10",3404,"2012-05-03",231,"0463","4","5","7","0","0",,"0","00C","G","N",,0,0,,,0,,,,"Y",2,"A","-",23153,"B","N","A","H","-","C","D","0","Y","A","01",0,0,1,0,1,0,0,0,0,"-","-","SACRAMENTO","SACRAMENTO","CA",0,0
"5609594",-121.42922317,38.6512497104,2012,"3404","0","3","4","03",0,1,"A",,,,,,1500,5,"C","C","A","RALEY BL","GRACE AV",100,"N","N","2013-09-09",3404,"2012-05-02",1446,"841",,"5","7","0","0",,"0","02A","-","N",,0,0,,,0,,,,"N",2,"A","-",22350,,"N","A","H","-","A","A","0","Y","A","01",0,0,1,0,0,0,0,0,0,"-","-","SACRAMENTO","SACRAMENTO","CA",0,0
"5609590",-121.512698684,38.5189787901,2012,"3404","0","4","4","08",0,1,"B",,,,,,1200,5,"C","C","A","SOUTH LAND PARK DR","WYMORE WY",43,"S","N","2013-09-09",3404,"2012-05-03",1141,"600",,"5","7","0","0",,"0",,"-","N",,0,0,,,0,,,,"N",2,"A","-",22107,,"N","A","H","-","A","D","0","Y","A","01",0,0,1,0,0,0,0,0,0,"-","-","SACRAMENTO","SACRAMENTO","CA",0,0
"5609586",0,0,2012,"3404","0","4","4","03",0,2,"A",,,,,,1800,5,"C","C","A","HOWE AV","LGT POLE 50010249",54,"S","N","2013-09-09",3404,"2012-05-03",1756,"216",,"5","7","0","0",,"0","03C","-","N",,0,0,,,0,,,,"N",3,"A","-",22350,,"N","A","H","-","A","D","0","Y","A","01",0,0,2,0,0,0,0,0,0,"-","-","SACRAMENTO","SACRAMENTO","CA",0,0
"5609582",-121.390533032,38.5105850433,2012,"3404","0","3","4","12",0,1,"A",,,,,,1500,5,"-","C","A","ELDER CREEK RD","FLORIN PERKINS RD",0,,"Y","2013-09-09",3404,"2012-05-02",1341,"0531","SACTO","5","7","0","0",,"0","06C","-","N",,0,0,,,0,,,,"Y",2,"A","-",21453,"A","N","A","H","-","A","A","0","Y","-","-",0,0,1,0,0,0,0,0,0,"-","-","SACRAMENTO","SACRAMENTO","CA",0,0
"5609574",-121.504283116,38.5794150523,2012,"3404","0","6","3","12",0,3,"A",,,,,,1200,5,"D","C","A","3RD ST","CAPITOL MALL",0,,"Y","2013-09-09",3404,"2012-05-05",1020,"547",,"5","7","0","0",,"0","03M","-","N",,0,0,,,0,,,,"Y",2,"A","-",21453,"A","N","A","H","-","A","A","0","Y","A","01",0,2,1,0,0,0,0,0,0,"-","-","SACRAMENTO","SACRAMENTO","CA",0,0
"5609570",-121.48091315,38.4958450711,2012,"3404","0","5","4","09",0,1,"B",,,"Y",,,900,5,"D","C","A","FLORIN RD","25TH ST",0,,"Y","2013-09-09",3404,"2012-05-04",652,"619","5","5","7","0","0",,"0","05A","-","N",,0,0,,,0,,,,"Y",2,"A","-",21801,"A","F","A","H","-","A","D","0","Y","A","08",0,0,1,0,0,0,0,0,1,"-","-","SACRAMENTO","SACRAMENTO","CA",0,0
"5609566",-121.44173423,38.473620118,2012,"3404","0","3","4","21",0,1,"A",,,,,,2100,5,"C","C","A","SUMERSDALE DR","MACK RD",264,"S","N","2013-09-09",3404,"2012-05-02",1939,"261","5","5","7","0","0",,"0","00B","-","N",,0,0,,,0,,,,"Y",2,"A","-",22106,,"F","A","H","-","A","A","0","Y","A","01",0,0,1,0,0,0,0,0,0,"-","-","SACRAMENTO","SACRAMENTO","CA",0,0
"5609546",-121.417907065,38.4380102474,2012,"3404","0","4","4","03",0,2,"C",,,,,,1500,5,"C","C","A","CENTER PKWY","BRUCEVILLE RD",45,"W","N","2013-09-09",3404,"2012-05-03",1322,"374",,"5","7","0","0",,"0","00C","-","N",,0,0,,,0,,,,"Y",2,"A","-",22350,,"N","B","H","-","A","A","0","Y","-","-",0,0,2,0,0,0,0,0,0,"-","-","SACRAMENTO","SACRAMENTO","CA",0,0
"5609537",0,0,2012,"3450","0","7","3","07",0,1,"A",,,"Y",,,1200,5,"B","C","A","LAGUNA BL","LIGHT POLE 23015",87,"W","N","2013-09-09",340,"2012-05-06",1130,"10031","2302","5","5","0","0",,"0","002","-","N",,0,0,,,0,,,,"Y",2,"A","-",21658,"A","N","-","A","H","A","D","0","Y","A","01",0,1,0,0,0,0,0,0,1,"-","-","ELK GROVE","SACRAMENTO","CA",0,0
"5609533",-121.348808028,38.4090748587,2012,"3450","0","5","4","03",0,1,"A",,,,,"Y",600,5,"E","I","A","ELK GROVE BL","BAYPOINT",10,"W","N","2013-09-09",340,"2012-05-04",406,"10257","5602","5","5","0","0",,"0","005","-","N",,0,0,,,0,,,,"Y",1,"A","-",22350,,"N","A","H","-","C","A","0","Y","A","01",0,0,1,0,0,0,0,0,0,"-","-","ELK GROVE","SACRAMENTO","CA",0,0
"5609345",-121.501516157,38.6077741683,2012,"3404","0","4","4","01",0,2,"A",,,,,"Y",300,4,"A","C","A","GARDEN HWY","NATOMAS PARK",225,"E","N","2013-11-15",3404,"2012-04-26",8,"514","1","5","7","0","0",,"0","01B","-","N",,0,0,,,0,,,,"Y",2,"A","-",23153,,"N","A","H","-","C","D","0","Y","A","01",0,0,2,0,0,0,0,0,0,"-","-","SACRAMENTO","SACRAMENTO","CA",0,0
"5609341",0,0,2012,"3404","0","6","4","03",0,1,"A",,,,,,1200,4,"C","C","A","EXPO PKWY","CAPITAL CITY FRWY",0,,"Y","2013-08-28",3404,"2012-04-28",1006,"234",,"5","7","0","0",,"0",,"-","N",,0,0,,,0,,,,"N",2,"A","-",22350,,"N","A","H","-","A","D","0","Y","A","01",0,0,1,0,0,0,0,0,0,"-","-","SACRAMENTO","SACRAMENTO","CA",0,0
"5609337",-121.480343658,38.4903350122,2012,"3404","0","3","4","03",0,3,"C",,,,,,2100,4,"C","C","A","24TH ST","GARDENDALE RD",51,"S","N","2013-08-28",3404,"2012-04-25",2016,"261","5","5","7","0","0",,"0","05A","-","N",,0,0,,,0,,,,"N",2,"A","-",22350,,"N","B","H","-","C","A","0","Y","A","07",0,0,3,0,0,0,0,0,0,"-","-","SACRAMENTO","SACRAMENTO","CA",0,0
"5609333",-121.474393138,38.5654149724,2012,"3404","0","5","3","09",0,1,"A",,"Y",,,,1800,4,"H","G","A","27TH ST","R ST",0,,"Y","2013-08-28",3404,"2012-04-27",1510,"0655","3","5","7","0","0",,"0","00B","-","N",,0,0,,,0,,,,"N",2,"A","-",21803,"A","N","A","H","-","A","D","0","Y","L","04",0,1,0,0,0,0,1,0,0,"-","-","SACRAMENTO","SACRAMENTO","CA",0,0
"5609329",-121.540103036,38.4799249818,2012,"3404","0","1","4","09",0,1,"A",,"Y",,,,1500,4,"H","G","A","WINDBRIDGE DR","POCKET RD",0,,"Y","2013-08-28",3404,"2012-04-30",1300,"755","4","5","7","0","0",,"0","00C","-","N",,0,0,,,0,,,,"N",2,"A","-",21801,"A","N","A","H","-","A","A","0","Y","A","01",0,0,1,0,0,0,1,0,0,"-","-","SACRAMENTO","SACRAMENTO","CA",0,0
"5608625",-121.181716709,38.6546421282,2012,"3401","0","3","3","09",0,1,"A",,"Y",,,,1500,5,"H","G","A","BLUE RAVINE RD","FOLSOM BL",46,"E","N","2013-09-21",3401,"2012-05-02",1325,"209",,"5","5","0","0",,"0",,"-","N",,0,0,,,0,,,,"N",2,"A","-",21804,"A","N","A","H","-","A","A","0","Y","L","04",0,1,0,0,0,0,1,0,0,"-","-","FOLSOM","SACRAMENTO","CA",0,0
"5608621",-121.107363064,38.643735158,2012,"3401","0","3","4","03",0,1,"A",,,,,,1800,5,"C","C","A","EAST BIDWELL ST","RT 50",0,,"Y","2014-01-15",3401,"2012-05-02",1729,"206",,"5","5","0","0",,"0","004","-","Y","SAC",3,50,"-","-",21.723,"R","4","W","Y",3,"A","-",22350,,"N","A","H","-","A","A","0","Y","A","07",0,0,1,0,0,0,0,0,0,"-","WF","FOLSOM","SACRAMENTO","CA",0,0
"5608562",-121.107363064,38.643735158,2012,"3401","0","2","4","03",0,1,"A",,,,,,1800,5,"C","C","A","EAST BIDWELL ST","RT 50",80,"N","N","2014-01-15",3401,"2012-05-08",1658,"163",,"5","5","0","0",,"0","004","-","Y","SAC",3,50,"-","-",21.723,"R","4","W","Y",2,"A","-",22350,,"N","A","H","-","A","A","0","Y","A","01",0,0,1,0,0,0,0,0,0,"-","WF","FOLSOM","SACRAMENTO","CA",0,0
"5608561",-121.447113106,38.6388550767,2012,"3404","0","5","4","09",0,2,"A",,,,,,1200,5,"B","C","A","RIO LINDA BL","HARRIS AV",0,,"Y","2013-09-21",3404,"2012-05-04",1134,"617",,"5","7","0","0",,"0","02A","-","N",,0,0,,,0,,,,"N",2,"A","-",21802,"A","N","A","H","-","A","A","0","Y","A","01",0,0,2,0,0,0,0,0,0,"-","-","SACRAMENTO","SACRAMENTO","CA",0,0
"5608390",0,0,2012,"3404","0","2","4","07",0,3,"A",,,,,,1500,5,"B","C","A","FLORIN RD","TAMOSHANTER WY",90,"E","N","2013-09-18",3404,"2012-05-01",1434,"0600",,"5","7","0","0",,"0",,"-","N",,0,0,,,0,,,,"N",2,"A","-",21658,"A","N","A","H","-","A","A","0","Y","A","01",0,0,3,0,0,0,0,0,0,"-","-","SACRAMENTO","SACRAMENTO","CA",0,0
"5608358",-121.512492767,38.6559994303,2012,"3404","0","1","2","03",0,4,"-",,,,,,2400,5,"C","C","A","DEL PASO RD","TRUXEL RD",77,"W","N","2013-10-25",3404,"2012-05-07",2203,"867","1","5","7","0","0",,"0","00A","-","N",,0,0,,,0,,,,"N",3,"A","-",22350,,"N","-","-","-","-","A","0","Y","A","01",1,2,1,0,0,0,0,0,0,"-","-","SACRAMENTO","SACRAMENTO","CA",0,0
"5607198",-121.128583098,38.6543350783,2012,"3401","0","3","3","09",0,1,"A",,,,,,1800,5,"D","C","A","CLARKSVILLE RD","BUNDRICK WY",0,,"Y","2013-09-17",3401,"2012-05-09",1731,"212",,"5","5","0","0",,"0","004","-","N",,0,0,,,0,,,,"Y",2,"A","-",21801,"A","N","A","H","-","A","D","0","Y","A","01",0,1,0,0,0,0,0,0,0,"-","-","FOLSOM","SACRAMENTO","CA",0,0
"5606812",0,0,2012,"3404","0","6","4","12",0,1,"A",,,,,,900,2,"D","C","A","TRUXEL RD","ARENA BL",45,"N","N","2013-08-29",3404,"2012-02-25",747,"536","SACRA","5","7","0","0",,"0","01A","-","N",,0,0,,,0,,,,"Y",2,"A","-",21453,"A","N","A","H","-","A","A","0","Y","A","07",0,0,1,0,0,0,0,0,0,"-","-","SACRAMENTO","SACRAMENTO","CA",0,0
"5606440",-121.324816915,38.6810079143,2012,"3496","0","5","3","03",0,1,"A",,,,,,900,4,"C","C","A","GREENBACK LN","INDIAN RIVER DR",30,"W","N","2013-08-20",3496,"2012-04-27",708,"266",,"5","5","0","0",,"0","002","-","N",,0,0,,,0,,,,"Y",2,"A","-",22350,,"N","A","H","-","A","A","0","Y","I","11",0,1,0,0,0,0,0,0,0,"-","-","CITRUS HEIGHTS","SACRAMENTO","CA",0,0
"5606424",-121.417939677,38.4192969831,2012,"3450","0","5","4","03",0,1,"A",,,,,,1800,4,"C","C","A","BRUCEVILLE RD","SOARING OAKS DR",150,"N","N","2013-08-22",340,"2012-04-27",1604,"10229","2311","5","5","0","0",,"0","002","-","N",,0,0,,,0,,,,"N",3,"A","-",22350,,"N","A","H","-","A","A","0","Y","D","22",0,0,1,0,0,0,0,0,0,"-","-","ELK GROVE","SACRAMENTO","CA",0,0
"5606371",-121.512961274,38.5185528109,2012,"3404","0","6","4","09",0,1,"A",,,,,,1500,5,"D","C","A","SOUTH LAND PARK DR","40TH AV",80,"N","N","2013-09-07",3404,"2012-05-05",1244,"732","4","5","7","0","0",,"0","00C","G","N",,0,0,,,0,,,,"Y",2,"A","-",21801,"A","N","A","H","-","A","D","0","Y","A","01",0,0,1,0,0,0,0,0,0,"-","-","SACRAMENTO","SACRAMENTO","CA",0,0
"5606367",-121.464722504,38.5299146617,2012,"3404","0","3","4","03",0,1,"A",,,,,,1500,6,"C","C","A","MARTIN LUTHER KING JR BL","25TH AV",22,"S","N","2013-09-07",3404,"2012-06-06",1448,"0597","6A","5","7","0","0",,"0",,"-","N",,0,0,,,0,,,,"Y",3,"A","-",22350,,"N","A","H","-","A","D","0","Y","A","01",0,0,1,0,0,0,0,0,0,"-","-","SACRAMENTO","SACRAMENTO","CA",0,0
"5606363",-121.480403162,38.5755950265,2012,"3404","0","1","4","09",0,1,"A",,"Y",,,,1200,5,"B","G","A","K ST","20TH ST",0,,"Y","2013-09-07",3404,"2012-05-07",1140,"0837",,"5","7","0","0",,"0","03B","-","N",,0,0,,,0,,,,"N",2,"A","-",21802,"A","N","A","H","-","A","D","0","Y","L","04",0,0,1,0,0,0,1,0,0,"-","-","SACRAMENTO","SACRAMENTO","CA",0,0
"5606359",-121.426550299,38.5396450835,2012,"3404","0","3","4","08",0,1,"A",,,,,,1200,5,"D","C","A","14TH AV","67TH ST",105,"W","N","2014-01-08",3404,"2012-05-02",915,"0827","6A","5","7","0","0",,"0",,"-","N",,0,0,,,0,,,,"Y",2,"A","-",22103,,"N","A","H","-","A","D","0","Y","A","01",0,0,1,0,0,0,0,0,0,"-","-","SACRAMENTO","SACRAMENTO","CA",0,0