"CASEID","POINT_X","POINT_Y","YEAR_","LOCATION","CHPTYPE","DAYWEEK","CRASHSEV","VIOLCAT","KILLED","INJURED","WEATHER1","PEDCOL","BICCOL","MCCOL","TRUCKCOL","ETOH","TIMECAT","MONTH_","CRASHTYP","INVOLVE","PED","PRIMARYRD","SECONDRD","DISTANCE","DIRECT","INTERSECT_","PROCDATE","JURIS","DATE_","TIME_","BADGE","JURIDIST","SHIFT","POP","SPECIAL","BEATTYPE","LAPDDIV","BEATCLAS","BEATNUMB","WEATHER2","STATEHW","CALTRANC","CALTRAND","STROUTE","ROUTESUF","POSTPRE","POSTMILE","LOCATYPE","RAMP","SIDEHW","TOWAWAY","PARTIES","PCF","VIOLCODE","VIOL","VIOLSUB","HITRUN","ROADSURF","RDCOND1","RDCOND2","LIGHTING","RIGHTWAY","CHPRDTYP","NOTPRIV","STFAULT","CHPFAULT","SEVINJ","OTHERINJ","COP","PEDKILL","PEDINJ","BICKILL","BICINJ","MCKILL","MCINJURE","RAMP1","RAMP2","CITY","COUNTY","STATE","X_CHP","Y_CHP"
"5597668",-121.449414034,38.558148106,2012,"3404","2","1","4","03",0,1,"B",,,,,,1800,4,"C","C","A","RT 50","48TH ST",200,"W","N","2014-01-31",9252,"2012-04-09",1524,"13823",,"2","7","0","1",,"2","151","-","Y","SAC",3,50,"-","R",1.37,"H","-","W","N",3,"A","-",22350,,"N","A","H","-","A","D","1","Y","A","07",0,0,1,0,0,0,0,0,0,"-","-","SACRAMENTO","SACRAMENTO","CA",-121.54347,38.49347
"5597664",-121.467142453,38.560101461,2012,"3404","2","1","3","03",0,1,"A",,,,,,1500,4,"C","C","A","RT 50","34TH ST",60,"W","N","2014-01-31",9252,"2012-04-09",1436,"14477",,"2","7","0","1",,"2","151","-","Y","SAC",3,50,"-","R",0.37,"H","-","W","Y",2,"A","-",22350,,"N","A","H","-","A","D","1","Y","A","01",0,1,0,0,0,0,0,0,0,"-","-","SACRAMENTO","SACRAMENTO","CA",-121.47751,38.56016
"5597660",-121.473762955,38.545059565,2012,"3404","3","1","4","07",0,1,"A",,,,,,1500,4,"B","C","A","RT 99","8TH AV",300,"S","N","2014-01-08",9252,"2012-04-09",1345,"14512",,"1","7","0","1",,"2","192","-","Y","SAC",3,99,"-","-",23.36,"H","-","N","Y",2,"A","-",21658,"A","N","A","H","-","A","D","1","Y","A","01",0,0,1,0,0,0,0,0,0,"-","-","SACRAMENTO","SACRAMENTO","CA",-121.47375,38.54425
"5597656",-121.465278387,38.2796494786,2012,"3400","5","1","4","08",0,1,"A",,,,,,1200,4,"F","A","A","TWIN CITIES RD","RT 5",2640,"W","N","2014-02-04",9252,"2012-04-09",1150,"12717",,"1","9","0","3",,"2","080","B","N",,0,0,,,0,,,,"Y",1,"A","-",22107,,"N","A","H","-","A","D","0","Y","A","01",0,0,1,0,0,0,0,0,0,"-","-","UNINCORPORATED","SACRAMENTO","CA",-121.47873,38.27692
"5597609",-121.502853119,38.584145123,2012,"3404","1","5","4","03",0,2,"A",,,,,,1800,3,"C","C","A","RT 5","L ST",150,"N","N","2013-09-26",9252,"2012-03-30",1645,"18723",,"2","7","0","1",,"2","108","-","Y","SAC",3,5,"-","-",23.731,"R","1","N","N",2,"A","-",22350,,"N","A","H","-","A","A","1","Y","A","07",0,0,2,0,0,0,0,0,0,"FR","-","SACRAMENTO","SACRAMENTO","CA",-121.5033,38.58209
"5597605",-121.481943113,38.560825122,2012,"3404","3","5","4","08",0,1,"B",,,,,,300,3,"E","I","A","RT 51","27TH ST",175,"W","N","2013-10-03",9252,"2012-03-30",140,"18424",,"3","7","0","1",,"2","193","C","Y","SAC",3,50,"-","L",2.013,"R","2","W","Y",1,"A","-",22107,,"N","B","H","-","C","D","1","Y","A","01",0,0,1,0,0,0,0,0,0,"TO","-","SACRAMENTO","SACRAMENTO","CA",-121.47732,38.55978
"5597601",-121.504093119,38.593795124,2012,"3404","1","3","4","03",0,1,"B",,,,,,1500,3,"C","C","A","RT 5","RICHARDS BL",200,"S","N","2013-09-23",9252,"2012-03-28",1430,"14296",,"2","7","0","1",,"2","108","-","Y","SAC",3,5,"-","-",24.525,"R","1","N","N",2,"A","-",22350,,"N","A","H","-","A","A","1","Y","A","01",0,0,1,0,0,0,0,0,0,"TO","-","SACRAMENTO","SACRAMENTO","CA",-121.50365,38.59649
"5597592",0,0,2012,"3404","4","7","3","01",0,1,"A",,,,,"Y",300,4,"B","E","A","37TH AV","44TH ST",133,"W","N","2013-08-23",9252,"2012-04-22",155,"18139",,"3","7","0","2",,"1","071","-","N",,0,0,,,0,,,,"Y",2,"A","-",23152,"A","M","A","H","-","C","D","0","Y","A","01",0,1,0,0,0,0,0,0,0,"-","-","SACRAMENTO","SACRAMENTO","CA",-121.4559,38.5194
"5597573",-121.459820907,38.510410729,2012,"3400","3","5","4","03",0,1,"C",,,,,,900,4,"C","C","A","RT 99","47TH AV",50,"S","N","2014-01-09",9252,"2012-04-13",820,"17939",,"1","9","0","1",,"2","192","-","Y","SAC",3,99,"-","-",20.85,"H","-","N","N",3,"A","-",22350,,"N","B","H","-","A","D","1","Y","A","01",0,0,1,0,0,0,0,0,0,"-","-","UNINCORPORATED","SACRAMENTO","CA",-121.45514,38.50503
"5597569",-121.481033112,38.560265122,2012,"3404","2","2","3","03",0,1,"C",,,,,,1500,4,"E","I","A","RT 50","ALHAMBRA AV",75,"W","N","2014-02-06",9252,"2012-04-10",1252,"14477",,"1","7","0","1",,"2","150","-","Y","SAC",3,50,"-","L",2.137,"R","2","E","Y",1,"A","-",22350,,"N","B","H","-","A","D","1","Y","A","01",0,1,0,0,0,0,0,0,0,"TO","-","SACRAMENTO","SACRAMENTO","CA",-121.47179,38.55832
"5597565",-121.304786952,38.4552079156,2012,"3400","5","3","4","08",0,1,"B",,,,,,1200,4,"F","J","A","POLO CROSSE AV","EQUINE DR",250,"S","N","2013-08-17",9252,"2012-04-11",1100,"12149",,"1","9","0","3",,"2","070","-","N",,0,0,,,0,,,,"Y",1,"A","-",22107,,"N","A","H","-","A","D","0","Y","A","07",0,0,1,0,0,0,0,0,0,"-","-","UNINCORPORATED","SACRAMENTO","CA",-121.42915,38.28136
"5597561",0,0,2012,"3404","4","1","3","11",0,1,"A","Y",,,,,2400,4,"G","B","D","FLORIN RD","KANELOS WY",150,"W","N","2013-08-17",9252,"2012-04-16",2215,"17679",,"3","7","0","2",,"2","073","-","N",,0,0,,,0,,,,"N",2,"A","-",21954,"A","F","A","H","-","D","A","0","Y","N","60",0,1,0,0,1,0,0,0,0,"-","-","SACRAMENTO","SACRAMENTO","CA",-121.3944,38.49587
"5597557",-121.408793053,38.4835549782,2012,"3400","4","4","4","09",0,1,"C",,,,,,1800,4,"D","C","A","POWER INN RD","MACFADDEN DR",0,,"Y","2013-08-19",9252,"2012-04-12",1553,"18630",,"2","9","0","2",,"2","073","-","N",,0,0,,,0,,,,"Y",2,"A","-",21801,"A","N","B","H","-","A","D","0","Y","A","01",0,0,1,0,0,0,0,0,0,"-","-","UNINCORPORATED","SACRAMENTO","CA",-121.40908,38.48349
"5597536",-121.415228314,38.4961150794,2012,"3400","4","6","4","07",0,1,"A",,,,,,2100,4,"B","C","A","FLORIN RD","CHRIS AV",30,"E","N","2013-08-22",9252,"2012-04-07",1837,"18961",,"2","9","0","2",,"1","072","-","N",,0,0,,,0,,,,"N",2,"A","-",21658,"A","N","A","H","-","A","D","0","Y","A","08",0,0,1,0,0,0,0,0,0,"-","-","UNINCORPORATED","SACRAMENTO","CA",-121.4532,38.49604
"5597529",-121.417398055,38.469056896,2012,"3404","3","7","3","01",0,1,"A",,,,,"Y",300,4,"E","I","A","RT 99","STOCKTON BL",95,"N","N","2014-02-04",9252,"2012-04-15",234,"18291",,"3","7","0","1",,"2","192","-","Y","SAC",3,99,"-","-",17.26,"H","-","S","Y",1,"A","-",23152,"A","N","A","H","-","D","D","1","Y","A","01",0,1,0,0,0,0,0,0,0,"-","-","SACRAMENTO","SACRAMENTO","CA",-121.4183,38.46991
"5597528",-121.408955601,38.4946561346,2012,"3400","4","6","4","07",0,1,"A",,,,,,1800,4,"B","C","A","POWER INN RD","FLORIN RD",528,"S","N","2013-08-22",9252,"2012-04-07",1725,"18961",,"2","9","0","2",,"1","072","-","N",,0,0,,,0,,,,"Y",2,"A","-",21658,"A","N","A","H","-","A","D","0","Y","A","01",0,0,1,0,0,0,0,0,0,"-","-","UNINCORPORATED","SACRAMENTO","CA",-121.40888,38.49489
"5597525",-121.452151554,38.585251632,2012,"3404","3","2","4","03",0,2,"B",,,,,,1800,4,"C","C","A","RT 51","ELVAS AV",500,"S","N","2014-01-09",9252,"2012-04-10",1700,"13732",,"2","7","0","1",,"2","193","-","Y","SAC",3,51,"-","-",2.34,"H","-","N","Y",3,"A","-",22350,,"N","B","H","-","A","D","1","Y","A","01",0,0,2,0,0,0,0,0,0,"-","-","SACRAMENTO","SACRAMENTO","CA",-121.45339,38.58501
"5597524",-121.436753122,38.4961950264,2012,"3400","4","6","4","12",0,1,"A",,,,,,1200,4,"D","C","A","FLORIN RD","SOUTHGATE PLZ",0,,"Y","2013-08-22",9252,"2012-04-07",1139,"19079",,"1","9","0","2",,"1","072","-","N",,0,0,,,0,,,,"Y",2,"A","-",21453,"A","N","A","H","-","A","D","0","Y","A","01",0,0,1,0,0,0,0,0,0,"-","-","UNINCORPORATED","SACRAMENTO","CA",-121.45353,38.49615
"5597521",-121.293266579,38.254046222,2012,"3402","3","6","3","08",0,1,"A",,,,,,1200,4,"E","J","A","RT 99","C ST",30,"S","N","2014-02-04",9252,"2012-04-07",1000,"11768",,"1","3","0","1",,"2","190","-","Y","SAC",3,99,"-","-",0.78,"H","-","N","Y",1,"A","-",22107,,"N","A","H","-","A","D","1","Y","A","01",0,1,0,0,0,0,0,0,0,"-","-","GALT","SACRAMENTO","CA",-121.29327,38.25441
"5597437",-121.458692874,38.584497439,2012,"3404","3","6","4","03",0,1,"B",,,"Y",,,1800,3,"C","C","A","RT 51","B ST",1320,"N","N","2013-09-26",9252,"2012-03-31",1530,"13432",,"2","7","0","1",,"2","193","C","Y","SAC",3,51,"-","-",1.98,"H","-","N","Y",2,"A","-",22350,,"N","B","H","-","A","D","1","Y","A","01",0,0,1,0,0,0,0,0,1,"-","-","SACRAMENTO","SACRAMENTO","CA",-121.45929,38.5842
"5597433",-121.402591801,38.439518521,2012,"3404","3","6","4","07",0,1,"B",,,"Y",,"Y",600,3,"E","I","A","RT 99","SHELDON RD",20,"N","N","2013-09-23",9252,"2012-03-31",504,"18986",,"3","7","0","1",,"2","191","-","Y","SAC",3,99,"-","-",14.92,"H","-","S","Y",2,"A","-",21658,"A","M","B","H","-","C","D","1","Y","C","02",0,0,1,0,0,0,0,0,0,"-","-","SACRAMENTO","SACRAMENTO","CA",-121.40195,38.4338
"5597409",-121.399588422,38.4960650805,2012,"3404","4","4","4","03",0,2,"A",,,,,,1200,3,"C","C","A","FLORIN RD","PRITCHARD AV",50,"E","N","2013-08-19",9252,"2012-03-29",1159,"15342",,"1","7","0","2",,"2","073","-","N",,0,0,,,0,,,,"Y",2,"A","-",22350,,"N","A","H","-","A","D","0","Y","A","07",0,0,2,0,0,0,0,0,0,"-","-","SACRAMENTO","SACRAMENTO","CA",-121.3992,38.4961
"5597405",-121.425000249,38.4874186994,2012,"3400","4","1","4","03",0,1,"B",,,,,,1200,3,"C","C","A","STOCKTON BL","FLEMING AV",45,"S","N","2013-08-19",9252,"2012-03-19",1000,"17258",,"1","9","0","2",,"2","073","-","N",,0,0,,,0,,,,"Y",2,"A","-",22350,,"N","A","H","-","A","A","0","Y","A","08",0,0,1,0,0,0,0,0,0,"-","-","UNINCORPORATED","SACRAMENTO","CA",-121.42495,38.48739
"5597401",0,0,2012,"3400","5","4","3","07",0,2,"A",,,,,,900,3,"B","C","A","CALVIN RD","CLIFFCREST DR",315,"W","N","2013-08-19",9252,"2012-03-29",840,"15342",,"1","9","0","3",,"2","070","-","N",,0,0,,,0,,,,"Y",2,"A","-",21658,"A","N","A","H","-","A","D","0","Y","A","01",0,1,1,0,0,0,0,0,0,"-","-","UNINCORPORATED","SACRAMENTO","CA",-121.39715,38.45344
"5597382",-121.473713109,38.541205121,2012,"3404","3","3","4","03",0,3,"B",,,,,,900,3,"C","C","A","RT 99","12TH AV",10,"S","N","2013-09-23",9252,"2012-03-28",645,"14512",,"1","7","0","1",,"2","192","C","Y","SAC",3,99,"-","-",23.12,"H","-","N","Y",4,"A","-",22350,,"N","B","H","-","B","D","1","Y","A","07",0,0,3,0,0,0,0,0,0,"-","-","SACRAMENTO","SACRAMENTO","CA",-121.4737,38.54091
"5597378",-121.461180023,38.56108684,2012,"3404","2","4","4","03",0,3,"B",,,,,,1500,3,"C","C","A","RT 50","STOCKTON BL",350,"E","N","2013-09-26",9252,"2012-03-29",1215,"17325",,"1","7","0","1",,"2","151","-","Y","SAC",3,50,"-","R",0.66,"H","-","W","Y",3,"A","-",22350,,"N","A","H","-","A","D","1","Y","A","01",0,0,3,0,0,0,0,0,0,"-","-","SACRAMENTO","SACRAMENTO","CA",-121.46789,38.43679
"5597374",-121.528339175,38.2093967104,2012,"3400","5","5","4","03",0,1,"A",,,,,,2400,3,"C","C","A","RACE TRACK RD","TYLER ISLAND RD",2112,"N","N","2013-08-20",9252,"2012-03-23",2228,"18435",,"3","9","0","3",,"2","090","-","N",,0,0,,,0,,,,"Y",2,"A","-",22350,,"N","A","H","-","D","D","0","Y","A","01",0,0,1,0,0,0,0,0,0,"-","-","UNINCORPORATED","SACRAMENTO","CA",-121.52795,38.20969
"5597370",-121.297563051,38.4526950078,2012,"3404","4","5","4","09",0,1,"A",,,,,,900,3,"A","C","A","CALVINE RD","EXCELSIOR RD",0,,"Y","2013-08-20",9252,"2012-03-23",730,"15342",,"1","7","0","3",,"2","074","-","N",,0,0,,,0,,,,"Y",2,"A","-",21801,"A","N","A","H","-","A","A","0","Y","A","01",0,0,1,0,0,0,0,0,0,"-","-","SACRAMENTO","SACRAMENTO","CA",-121.2975,38.4527
"5597366",-121.388318715,38.4776578383,2012,"3400","4","4","3","08",0,1,"C",,,,,,2100,3,"E","I","A","TIOGAWOODS DR","LAKEWOOD PARK DR",10,"S","N","2013-08-20",9252,"2012-03-29",2055,"18423",,"2","9","0","2",,"2","073","-","N",,0,0,,,0,,,,"Y",1,"A","-",22107,,"N","B","H","-","C","D","0","Y","A","01",0,1,0,0,0,0,0,0,0,"-","-","UNINCORPORATED","SACRAMENTO","CA",-121.3884,38.47775
"5597362",-121.475275073,38.558864563,2012,"3404","2","6","3","03",0,1,"B",,,,,,1800,3,"E","I","A","RT 51","RT 50",400,"S","N","2013-10-03",9252,"2012-03-31",1628,"18648",,"2","7","0","1",,"2","150","C","Y","SAC",3,50,"-","L",2.345,"R","2","E","Y",1,"A","-",22350,,"N","B","H","-","A","D","1","Y","A","01",0,1,0,0,0,0,0,0,0,"TO","-","SACRAMENTO","SACRAMENTO","CA",-121.47247,38.55808
"5597328",-121.480403162,38.5755950265,2012,"3404","0","4","4","03",0,1,"A","Y",,,,,2400,3,"G","B","-","K ST","20TH ST",0,,"Y","2013-10-21",3404,"2012-03-15",2312,"643",,"5","7","0","0",,"0","03B","-","N",,0,0,,,0,,,,"N",2,"A","-",22350,,"F","A","H","-","C","D","0","Y","-","-",0,0,1,0,1,0,0,0,0,"-","-","SACRAMENTO","SACRAMENTO","CA",0,0
"5596754",-121.444653007,38.4487550303,2012,"3404","0","1","3","12",0,2,"A",,,,,,1500,4,"A","C","A","FRANKLIN BL","CALVINE RD",0,,"Y","2013-10-21",3404,"2012-04-30",1315,"235",,"5","7","0","0",,"0",,"-","N",,0,0,,,0,,,,"Y",2,"A","-",21453,"A","N","A","H","-","A","A","0","Y","A","01",0,2,0,0,0,0,0,0,0,"-","-","SACRAMENTO","SACRAMENTO","CA",0,0
"5596750",-121.497913122,38.6274849854,2012,"3404","0","2","4","03",0,2,"A",,,,,,1800,4,"A","C","A","TRUXEL RD","SAN JUAN RD",0,,"Y","2013-10-21",3404,"2012-04-24",1557,"571",,"5","7","0","0",,"0",,"-","N",,0,0,,,0,,,,"Y",3,"A","-",22350,,"N","A","H","-","A","A","0","Y","D","22",0,0,2,0,0,0,0,0,0,"-","-","SACRAMENTO","SACRAMENTO","CA",0,0
"5596746",-121.472203152,38.5635750525,2012,"3404","0","1","4","12",0,1,"A",,,,,,1200,4,"D","C","A","29TH ST","S ST",0,,"Y","2013-08-24",3404,"2012-04-30",1138,"756","CENTR","5","7","0","0",,"0","03B","-","N",,0,0,,,0,,,,"N",2,"A","-",21453,"A","N","A","H","-","A","A","0","Y","A","01",0,0,1,0,0,0,0,0,0,"-","-","SACRAMENTO","SACRAMENTO","CA",0,0
"5596742",-121.469578205,38.4958583075,2012,"3404","0","1","4","03",0,2,"A",,,,,,900,4,"C","C","A","FLORIN RD","SERENITY DR",145,"W","N","2013-08-22",3404,"2012-04-23",754,"639",,"5","7","0","0",,"0","05B","-","N",,0,0,,,0,,,,"N",3,"A","-",22350,,"F","A","H","-","A","A","0","Y","A","01",0,0,2,0,0,0,0,0,0,"-","-","SACRAMENTO","SACRAMENTO","CA",0,0
"5596738",-121.493145462,38.5375190409,2012,"3404","0","2","3","08",0,1,"A",,,"Y",,,1500,4,"F","A","A","FREEPORT BL","15TH AV",9,"N","N","2013-08-24",3404,"2012-04-03",1256,"0600",,"5","7","0","0",,"0",,"-","N",,0,0,,,0,,,,"Y",2,"A","-",22100,"A","N","A","H","-","A","D","0","Y","C","02",0,1,0,0,0,0,0,0,1,"-","-","SACRAMENTO","SACRAMENTO","CA",0,0
"5596734",-121.518743032,38.516565053,2012,"3404","0","7","4","01",0,3,"A",,,,,"Y",2400,4,"A","C","A","43RD AV","GLORIA DR",0,,"Y","2013-08-22",3404,"2012-04-29",2119,"757","4","5","7","0","0",,"0","00C","-","N",,0,0,,,0,,,,"Y",2,"A","-",23152,"A","N","A","H","-","C","A","0","Y","A","01",0,0,3,0,0,0,0,0,0,"-","-","SACRAMENTO","SACRAMENTO","CA",0,0
"5596363",-121.276023149,38.6783305965,2012,"3496","0","6","4","10",0,2,"A","Y",,,,,1200,4,"G","B","B","BIRDCAGE ST","GREENBACK LN",2,"N","N","2013-08-24",3496,"2012-04-07",1159,"192","6","5","5","0","0",,"0","006","-","N",,0,0,,,0,,,,"Y",3,"A","-",21950,"C","F","A","H","-","A","A","0","Y","D","22",0,0,2,0,2,0,0,0,0,"-","-","CITRUS HEIGHTS","SACRAMENTO","CA",0,0
"5596359",-121.27163313,38.6784250791,2012,"3496","0","1","4","08",0,5,"A",,,,"Y",,1500,3,"A","C","A","GREENBACK LN","SUNRISE BL",0,,"Y","2013-07-25",3496,"2012-03-05",1457,"207",,"5","5","0","0",,"0","003","-","N",,0,0,,,0,,,,"Y",3,"A","-",22100,"B","N","A","H","-","A","A","0","Y","G","25",0,0,5,0,0,0,0,0,0,"-","-","CITRUS HEIGHTS","SACRAMENTO","CA",0,0
"5596143",-121.168679244,38.6551750494,2012,"3401","0","5","4","09",0,2,"A",,,,,,1800,4,"D","C","A","PRAIRIE CITY RD","BLUE RAVINE RD",438,"S","N","2013-08-22",3401,"2012-04-06",1610,"176",,"5","5","0","0",,"0","004","-","N",,0,0,,,0,,,,"Y",2,"A","-",21804,"A","N","A","H","-","A","D","0","Y","A","01",0,0,2,0,0,0,0,0,0,"-","-","FOLSOM","SACRAMENTO","CA",0,0
"5596062",-121.473663108,38.538105121,2012,"3404","3","5","3","08",0,2,"A",,,,"Y",,2400,4,"E","I","A","RT 99","12TH AV",0,,"Y","2014-02-24",9252,"2012-04-20",2325,"018423",,"3","7","0","1",,"2","192","-","Y","SAC",3,99,"-","-",23.009,"R","4","N","Y",2,"A","-",22107,,"N","A","H","-","C","D","1","Y","A","01",0,1,1,0,0,0,0,0,0,"TO","-","SACRAMENTO","SACRAMENTO","CA",-121.47346,38.54172
"5596038",0,0,2012,"3404","S","1","4","09",0,3,"A",,,,,,1800,4,"D","C","A","FREEPORT BL","14TH AV",0,,"Y","2013-08-20",9252,"2012-04-09",1540,"13732",,"2","7","1","4",,"2","901","-","N",,0,0,,,0,,,,"Y",2,"A","-",21801,"A","N","A","H","-","A","A","0","Y","A","01",0,0,3,0,0,0,0,0,0,"-","-","SACRAMENTO","SACRAMENTO","CA",0,0
"5596014",-121.418994961,38.4743909214,2012,"3404","0","3","4","03",0,1,"-",,,,,,1200,4,"C","C","A","STOCKTON BL","MACK RD",10,"N","N","2013-09-21",3404,"2012-04-25",1138,"00001",,"5","7","0","0",,"0",,"-","N",,0,0,,,0,,,,"N",2,"A","-",22350,,"N","-","-","-","A","-","0","Y","D","22",0,0,1,0,0,0,0,0,0,"-","-","SACRAMENTO","SACRAMENTO","CA",0,0
"5595981",-121.449764439,38.5394927307,2012,"3404","0","2","4","01",0,1,"A",,,,,"Y",1500,5,"C","C","A","STOCKTON BL","14TH AV",15,"N","N","2013-09-14",3404,"2012-05-01",1313,"0208",,"5","7","0","0",,"0","06B","-","N",,0,0,,,0,,,,"N",3,"A","-",23152,"A","N","A","H","-","A","A","0","Y","A",,0,0,1,0,0,0,0,0,0,"-","-","SACRAMENTO","SACRAMENTO","CA",0,0
"5595896",-121.359125257,38.560912914,2012,"3400","2","5","3","07",0,2,"A",,,,"Y",,1200,4,"D","C","A","RT 50","MAYHEW RD",2856,"W","N","2013-10-22",9260,"2012-04-06",1140,"17550",,"1","9","0","1",,"2","501","-","Y","SAC",3,50,"-","R",6.44,"H","-","W","Y",3,"A","-",21658,"A","F","A","H","-","A","D","1","Y","G","27",0,1,1,0,0,0,0,0,0,"-","-","UNINCORPORATED","SACRAMENTO","CA",-121.21339,38.33395
"5594228",-121.400932999,38.4378849847,2012,"3450","0","2","3","12",0,1,"A",,,,"Y",,900,4,"D","C","A","SHELDON RD","EAST STOCKTON BL",0,,"Y","2013-08-13",340,"2012-04-24",848,"10058","3401","5","5","0","0",,"0","003","-","N",,0,0,,,0,,,,"Y",2,"A","-",21453,"A","N","A","H","-","A","A","0","Y","F","26",0,1,0,0,0,0,0,0,0,"-","-","ELK GROVE","SACRAMENTO","CA",0,0
"5593755",-121.137259372,38.6640446549,2012,"3401","0","1","3","03",0,1,"A",,"Y",,,,1800,4,"E","I","A","EAST BIDWELL ST","OAK AVENUE PKWY",15,"N","N","2013-08-29",3401,"2012-04-02",1749,"203",,"5","5","0","0",,"0","004","-","N",,0,0,,,0,,,,"N",1,"A","-",22350,,"N","A","H","-","A","A","0","Y","L","04",0,1,0,0,0,0,1,0,0,"-","-","FOLSOM","SACRAMENTO","CA",0,0
"5593751",0,0,2012,"3401","0","1","4","03",0,1,"A",,,,,,1800,4,"C","C","A","FOLSOM-AUBURN RD","FOLSOM LAKE CROSSING",70,"S","N","2013-08-29",3401,"2012-04-02",1735,"203",,"5","5","0","0",,"0","001","-","N",,0,0,,,0,,,,"N",2,"A","-",22350,,"N","A","H","-","A","A","0","Y","A","01",0,0,1,0,0,0,0,0,0,"-","-","FOLSOM","SACRAMENTO","CA",0,0
"5593747",-121.418017139,38.4232130499,2012,"3450","0","4","4","03",0,2,"C",,,,,,1800,4,"C","C","A","BRUCEVILLE RD","LAGUNA BL",110,"S","N","2013-10-15",340,"2012-04-12",1610,"10087","2304","5","5","0","0",,"0","002","-","N",,0,0,,,0,,,,"N",2,"A","-",22350,,"N","B","H","-","A","A","0","Y","A","07",0,0,2,0,0,0,0,0,0,"-","-","ELK GROVE","SACRAMENTO","CA",0,0
"5593721",0,0,2012,"3404","0","1","3","09",0,1,"A",,"Y",,,,1800,4,"D","G","A","24TH ST","OPERA ALY",0,,"Y","2013-07-27",3404,"2012-04-09",1609,"0587",,"5","7","0","0",,"0","03B","-","N",,0,0,,,0,,,,"N",2,"A","-",21804,"A","N","A","H","-","A","D","0","Y","-","-",0,1,0,0,0,0,1,0,0,"-","-","SACRAMENTO","SACRAMENTO","CA",0,0
"5593658",0,0,2012,"3401","0","7","4","03",0,1,"A",,,,,,1200,4,"-","C","A","EAST BIDWELL ST","VIA FELICE DR",350,"S","N","2013-11-04",3401,"2012-04-01",1045,"198",,"5","5","0","0",,"0","004","-","N",,0,0,,,0,,,,"N",3,"A","-",22350,,"N","A","H","-","A","D","0","Y","A","01",0,0,1,0,0,0,0,0,0,"-","-","FOLSOM","SACRAMENTO","CA",0,0
"5593344",-121.478523053,38.5763349685,2012,"3404","0","5","4","01",0,2,"C",,,,,"Y",2400,4,"D","C","A","J ST","21ST ST",0,,"Y","2013-11-22",3404,"2012-04-13",2304,"0480",,"5","7","0","0",,"0","03B","-","N",,0,0,,,0,,,,"Y",2,"A","-",23152,"A","N","B","H","-","C","A","0","Y","A","01",0,0,2,0,0,0,0,0,0,"-","-","SACRAMENTO","SACRAMENTO","CA",0,0
"5592818",-121.494190289,38.6225193797,2012,"3404","0","5","4","03",0,1,"A","Y",,,,,1200,4,"G","B","F","PEBBLEWOOD DR","STANHOPE WY",4,"E","N","2013-08-28",3404,"2012-04-20",942,"800","SPD","5","7","0","0",,"0","01C","-","N",,0,0,,,0,,,,"Y",2,"A","-",22350,,"N","A","H","-","A","D","0","Y","A","01",0,0,1,0,1,0,0,0,0,"-","-","SACRAMENTO","SACRAMENTO","CA",0,0
"5592814",-121.43587315,38.5104949973,2012,"3404","0","5","4","03",0,1,"-",,,"Y",,,2400,4,"C","C","A","STOCKTON BL","ELDER CREEK RD",0,,"Y","2013-08-28",3404,"2012-04-20",2246,"263","P6","5","7","0","0",,"0","06C","-","N",,0,0,,,0,,,,"N",2,"A","-",22350,,"N","A","H","-","C","A","0","Y","A","01",0,0,1,0,0,0,0,0,1,"-","-","SACRAMENTO","SACRAMENTO","CA",0,0
"5592287",-121.128483076,38.65827504,2012,"3401","0","7","3","12",0,1,"A",,,,,,1800,4,"D","C","A","EAST BIDWELL ST","CLARKSVILLE RD",0,,"Y","2013-11-01",3401,"2012-04-01",1541,"178",,"5","5","0","0",,"0",,"-","N",,0,0,,,0,,,,"Y",3,"A","-",21453,"A","N","A","H","-","A","A","0","Y","A","01",0,1,0,0,0,0,0,0,0,"-","-","FOLSOM","SACRAMENTO","CA",0,0
"5591849",0,0,2012,"3496","0","5","4","03",0,1,"A",,,,,,1500,4,"C","C","A","SUNRISE BL","BIRDCAGE CENTER LN",162,"N","N","2013-08-27",3496,"2012-04-06",1422,"185","2","5","5","0","0",,"0",,"-","N",,0,0,,,0,,,,"N",2,"A","-",22350,,"N","A","H","-","A","B","0","Y","A","01",0,0,1,0,0,0,0,0,0,"-","-","CITRUS HEIGHTS","SACRAMENTO","CA",0,0
"5591799",-121.448553042,38.5624750166,2012,"3404","0","7","3","08",0,1,"A",,,,,,1800,4,"B","C","A","FOLSOM BL","46TH ST",0,,"Y","2013-08-24",3404,"2012-04-22",1710,"500","3","5","7","0","0",,"0",,"-","N",,0,0,,,0,,,,"N",2,"A","-",22100,"B","N","A","H","-","A","A","0","Y","A","01",0,1,0,0,0,0,0,0,0,"-","-","SACRAMENTO","SACRAMENTO","CA",0,0
"5591795",-121.4550398,38.4693487839,2012,"3404","0","7","4","11",0,1,"A","Y",,,,,900,4,"G","B","E","ARMADALE WY","FARNELL WY",84,"W","N","2013-08-24",3404,"2012-04-22",658,"639",,"5","7","0","0",,"0","005","-","N",,0,0,,,0,,,,"N",2,"A","-",21954,"A","N","A","H","-","A","D","0","Y","N","60",0,0,1,0,1,0,0,0,0,"-","-","SACRAMENTO","SACRAMENTO","CA",0,0
"5591791",-121.489313088,38.5247850053,2012,"3404","0","4","3","09",0,3,"A",,,,,,1500,4,"D","C","A","FRUITRIDGE RD","DANA WY",0,,"Y","2013-08-24",3404,"2012-04-19",1410,"600",,"5","7","0","0",,"0",,"-","N",,0,0,,,0,,,,"Y",2,"A","-",21801,"A","N","A","H","-","A","D","0","Y","A","01",0,1,2,0,0,0,0,0,0,"-","-","SACRAMENTO","SACRAMENTO","CA",0,0