"CASEID","POINT_X","POINT_Y","YEAR_","LOCATION","CHPTYPE","DAYWEEK","CRASHSEV","VIOLCAT","KILLED","INJURED","WEATHER1","PEDCOL","BICCOL","MCCOL","TRUCKCOL","ETOH","TIMECAT","MONTH_","CRASHTYP","INVOLVE","PED","PRIMARYRD","SECONDRD","DISTANCE","DIRECT","INTERSECT_","PROCDATE","JURIS","DATE_","TIME_","BADGE","JURIDIST","SHIFT","POP","SPECIAL","BEATTYPE","LAPDDIV","BEATCLAS","BEATNUMB","WEATHER2","STATEHW","CALTRANC","CALTRAND","STROUTE","ROUTESUF","POSTPRE","POSTMILE","LOCATYPE","RAMP","SIDEHW","TOWAWAY","PARTIES","PCF","VIOLCODE","VIOL","VIOLSUB","HITRUN","ROADSURF","RDCOND1","RDCOND2","LIGHTING","RIGHTWAY","CHPRDTYP","NOTPRIV","STFAULT","CHPFAULT","SEVINJ","OTHERINJ","COP","PEDKILL","PEDINJ","BICKILL","BICINJ","MCKILL","MCINJURE","RAMP1","RAMP2","CITY","COUNTY","STATE","X_CHP","Y_CHP"
"5580009",-121.449925191,38.4093653972,2012,"3450","0","2","4","07",0,1,"A",,,,,,2100,3,"D","C","A","FRANKLIN BL","ELK GROVE BL",224,"N","N","2013-08-03",340,"2012-03-20",2046,"10298","4101","5","5","0","0",,"0","004","-","N",,0,0,,,0,,,,"Y",4,"A","-",21658,"A","N","A","H","-","C","A","0","Y","A","01",0,0,1,0,0,0,0,0,0,"-","-","ELK GROVE","SACRAMENTO","CA",0,0
"5580005",-121.371763116,38.4452849938,2012,"3450","0","5","4","03",0,1,"A",,,,,,1500,3,"C","C","A","BLACK KITE DR","ELK GROVE FLORIN RD",0,,"Y","2013-08-03",340,"2012-03-09",1217,"10152","3201","5","5","0","0",,"0","003","-","N",,0,0,,,0,,,,"Y",2,"A","-",22350,,"N","A","H","-","A","A","0","Y","A","01",0,0,1,0,0,0,0,0,0,"-","-","ELK GROVE","SACRAMENTO","CA",0,0
"5580001",-121.371413121,38.3864049838,2012,"3450","0","3","4","03",0,2,"A",,,,,,1500,3,"C","C","A","EAST STOCKTON BL","ELK GROVE FLORIN RD",0,,"Y","2013-08-03",340,"2012-03-21",1237,"10328","5405","5","5","0","0",,"0","002","-","N",,0,0,,,0,,,,"Y",2,"A","-",22350,,"N","A","H","-","A","A","0","Y","A","08",0,0,2,0,0,0,0,0,0,"-","-","ELK GROVE","SACRAMENTO","CA",0,0
"5580000",-121.384552991,38.4089649665,2012,"3450","0","5","4","03",0,3,"A",,,,,,1800,3,"C","C","A","ELK GROVE BL","EAST STOCKTON BL",0,,"Y","2013-08-05",340,"2012-03-09",1745,"10229","5401","5","5","0","0",,"0","005","-","N",,0,0,,,0,,,,"Y",2,"A","-",22350,,"N","A","H","-","A","A","0","Y","A","01",0,0,3,0,0,0,0,0,0,"-","-","ELK GROVE","SACRAMENTO","CA",0,0
"5579996",-121.3716215,38.4137998458,2012,"3450","0","6","3","00",0,1,"B",,,"Y",,"Y",1800,3,"E","I","A","ELK GROVE FLORIN RD","2ND AV",60,"N","N","2013-10-24",340,"2012-03-17",1701,"10229","5105","5","5","0","0",,"0","005","G","N",,0,0,,,0,,,,"N",1,"D","-",0,,"N","A","H","-","A","A","0","Y","-","-",0,1,0,0,0,0,0,0,1,"-","-","ELK GROVE","SACRAMENTO","CA",0,0
"5579271",-121.276063085,38.604105141,2012,"3490","2","4","4","03",0,1,"B",,,,,,1500,4,"C","C","A","RT 50","SUNRISE BL",25,"W","N","2013-10-23",9260,"2012-04-12",1330,"013560",,"1","5","0","1",,"2","501","-","Y","SAC",3,50,"-","R",12.205,"R","1","E","N",2,"A","-",22350,,"N","B","H","-","A","A","1","Y","D","22",0,0,1,0,0,0,0,0,0,"-","-","RANCHO CORDOVA","SACRAMENTO","CA",-121,38
"5579216",-121.374566659,38.5524545399,2012,"3400","4","3","4","03",0,2,"A",,,,,,900,4,"-","C","A","WATT AV","FOLSOM BL",300,"S","N","2013-08-17",9260,"2012-04-18",850,"14633",,"1","9","0","2",,"2","101","-","N",,0,0,,,0,,,,"N",4,"A","-",22350,,"N","A","H","-","A","A","0","Y","A","01",0,0,2,0,0,0,0,0,0,"-","-","UNINCORPORATED","SACRAMENTO","CA",0,0
"5579119",-121.271845145,38.6694531184,2012,"3496","0","6","4","03",0,1,"A",,,,,,1500,3,"C","C","A","SUNRISE BL","KINGSWOOD DR",85,"S","N","2013-08-03",3496,"2012-03-10",1214,"266",,"5","5","0","0",,"0","007","-","N",,0,0,,,0,,,,"Y",2,"A","-",22350,,"N","A","H","-","A","A","0","Y","D","22",0,0,1,0,0,0,0,0,0,"-","-","CITRUS HEIGHTS","SACRAMENTO","CA",0,0
"5579044",-121.262433043,38.7004650755,2012,"3496","0","1","4","12",0,2,"A",,,,"Y",,1200,3,"D","C","A","OAK AV","FAIR OAKS BL",0,,"Y","2013-08-08",3496,"2012-03-19",1025,"131",,"5","5","0","0",,"0",,"-","N",,0,0,,,0,,,,"Y",2,"A","-",21453,"A","N","A","H","-","A","A","0","Y","A","07",0,0,2,0,0,0,0,0,0,"-","-","CITRUS HEIGHTS","SACRAMENTO","CA",0,0
"5578364",-121.488453138,38.5850549989,2012,"3404","0","2","4","12",0,1,"A",,"Y",,,,1800,4,"C","C","A","12TH ST","E ST",0,,"Y","2013-10-15",3404,"2012-04-24",1618,"0464","3","5","7","0","0",,"0","00A","-","N",,0,0,,,0,,,,"N",3,"A","-",21453,"A","N","A","H","-","A","A","0","Y","L","04",0,0,1,0,0,0,0,0,0,"-","-","SACRAMENTO","SACRAMENTO","CA",0,0
"5578360",-121.470676185,38.5567240568,2012,"3404","0","1","4","12",0,1,"A",,"Y",,,,1500,4,"D","G","A","32ND ST","X ST",15,"N","-","2013-08-24",3404,"2012-04-16",1445,"0487",,"5","7","0","0",,"0",,"-","N",,0,0,,,0,,,,"N",2,"A","-",22450,,"N","A","H","-","A","D","0","Y","L","04",0,0,1,0,0,0,1,0,0,"-","-","SACRAMENTO","SACRAMENTO","CA",0,0
"5578356",-121.5122757,38.6560039831,2012,"3404","0","4","4","03",0,2,"A",,,,,,2100,4,"C","C","A","DEL PASO RD","NATOMAS BL",15,"W","N","2013-08-24",3404,"2012-04-19",1841,"300","1","5","7","0","0",,"0","01A","-","N",,0,0,,,0,,,,"Y",2,"A","-",22350,,"N","A","H","-","A","A","0","Y","A","01",0,0,2,0,0,0,0,0,0,"-","-","SACRAMENTO","SACRAMENTO","CA",0,0
"5578352",-121.485923133,38.5696649678,2012,"3404","0","2","4","01",0,1,"A",,,,,"Y",2400,4,"D","-","A","Q ST","18TH ST",0,,"Y","2013-08-24",3404,"2012-04-24",2154,"3644","3B","5","7","0","0",,"0",,"-","N",,0,0,,,0,,,,"Y",2,"A","-",23153,"A","F","A","-","-","C","A","0","Y","A","01",0,0,1,0,0,0,0,0,0,"-","-","SACRAMENTO","SACRAMENTO","CA",0,0
"5578348",-121.468503063,38.5687150687,2012,"3404","0","2","4","09",0,1,"A","Y",,,,,1200,4,"D","C","F","N ST","30TH ST",0,,"Y","2013-08-24",3404,"2012-04-17",1143,"0818","3","5","7","0","0",,"0","00C","-","N",,0,0,,,0,,,,"Y",3,"A","-",21801,"A","N","A","H","-","A","A","0","Y","A","01",0,0,1,0,1,0,0,0,0,"-","-","SACRAMENTO","SACRAMENTO","CA",0,0
"5578344",-121.485243126,38.5781050492,2012,"3404","0","2","3","12",0,1,"A",,,,,,2100,4,"D","C","A","16TH ST","J ST",0,,"Y","2013-08-24",3404,"2012-04-17",2052,"0745","SACRA","5","7","0","0",,"0",,"-","N",,0,0,,,0,,,,"Y",2,"A","-",21453,"A","M","A","H","-","C","A","0","Y","-","-",0,1,0,0,0,0,0,0,0,"-","-","SACRAMENTO","SACRAMENTO","CA",0,0
"5578103",-121.409143057,38.53789499,2012,"3404","0","2","4","09",0,1,"A",,,,,,600,4,"A","C","A","POWER INN RD","BELVEDERE AV",0,,"Y","2013-08-12",3404,"2012-04-10",543,"512","6","5","7","0","0",,"0","00C","-","N",,0,0,,,0,,,,"Y",2,"A","-",21801,"A","F","A","H","-","C","D","0","Y","A","01",0,0,1,0,0,0,0,0,0,"-","-","SACRAMENTO","SACRAMENTO","CA",0,0
"5578099",-121.518743032,38.516565053,2012,"3404","0","4","4","12",0,2,"A",,,,,,1500,4,"D","C","A","43RD AV","GLORIA DR",0,,"Y","2013-08-12",3404,"2012-04-05",1451,"0693","4","5","7","0","0",,"0","04C","-","N",,0,0,,,0,,,,"Y",2,"A","-",21453,"A","N","A","H","-","A","A","0","Y","A","01",0,0,2,0,0,0,0,0,0,"-","-","SACRAMENTO","SACRAMENTO","CA",0,0
"5578091",0,0,2012,"3404","0","1","4","03",0,2,"A",,,,,,900,4,"E","I","A","DUCKHORN DR","GOLDEN LIGHT LN",295,,"N","2013-08-12",3404,"2012-04-09",822,"0297",,"5","7","0","0",,"0","01A","-","N",,0,0,,,0,,,,"Y",1,"A","-",22350,,"N","A","H","-","A","D","0","Y","A","01",0,0,2,0,0,0,0,0,0,"-","-","SACRAMENTO","SACRAMENTO","CA",0,0
"5578087",-121.456983044,38.6550150673,2012,"3404","0","1","4","00",0,1,"A",,,,,,1200,4,"E","I","A","MAIN AV","NORWOOD AV",0,,"Y","2013-08-12",3404,"2012-04-02",1020,"598",,"5","7","0","0",,"0",,"-","N",,0,0,,,0,,,,"Y",1,"D","-",0,,"N","A","H","-","A","A","0","Y","-","-",0,0,1,0,0,0,0,0,0,"-","-","SACRAMENTO","SACRAMENTO","CA",0,0
"5577474",-121.462013074,38.4960049767,2012,"3404","0","4","3","08",0,2,"A",,,,,,2400,4,"A","C","A","FLORIN RD","MUNSON WY",0,,"Y","2013-08-19",3404,"2012-04-05",2151,"0766",,"5","7","0","0",,"0","05B","-","N",,0,0,,,0,,,,,2,"A","-",22107,,"N","A","H","-","C","A","0","Y","A","01",0,1,1,0,0,0,0,0,0,"-","-","SACRAMENTO","SACRAMENTO","CA",0,0
"5577321",-121.474332512,38.4814721651,2012,"3404","0","4","3","-",0,1,"B",,,,,,1500,4,"E","I","A","MEADOWVIEW RD","CORAL GABLES CT",295,"E","N","2013-11-13",3404,"2012-04-12",1441,"0619","5","5","7","0","0",,"0","05A","-","N",,0,0,,,0,,,,"Y",1,"A","-",0,,"N","A","H","-","A","D","0","Y","A","01",0,1,0,0,0,0,0,0,0,"-","-","SACRAMENTO","SACRAMENTO","CA",0,0
"5577175",-121.549113084,38.4936549688,2012,"3404","0","3","3","09",0,1,"B",,"Y",,,,1200,4,"D","G","A","HARBOR LIGHT WY","ZEPHYR RANCH DR",0,,"Y","2013-08-16",3404,"2012-04-11",1058,"490",,"5","7","0","0",,"0",,"-","N",,0,0,,,0,,,,"N",2,"A","-",21800,"A","N","A","H","-","A","D","0","Y","L","04",0,1,0,0,0,0,1,0,0,"-","-","SACRAMENTO","SACRAMENTO","CA",0,0
"5577171",-121.467543082,38.5709250224,2012,"3404","0","3","4","-",0,1,"B",,,,,,1800,4,"D","C","A","30TH ST","L ST",0,,"Y","2013-08-27",3404,"2012-04-11",1605,"0225",,"5","7","0","0",,"0",,"-","N",,0,0,,,0,,,,"Y",2,"-","-",0,,"N","B","H","-","A","A","0","Y","-","-",0,0,1,0,0,0,0,0,0,"-","-","SACRAMENTO","SACRAMENTO","CA",0,0
"5577167",-121.449743016,38.5394550267,2012,"3404","0","4","4","03",0,1,"B",,,,,,1500,4,"C","C","A","STOCKTON BL","14TH AV",0,"S","N","2013-08-15",3404,"2012-04-12",1219,"490","6B","5","7","0","0",,"0",,"-","N",,0,0,,,0,,,,"N",2,"A","-",22350,,"N","B","H","-","A","A","0","Y","A","01",0,0,1,0,0,0,0,0,0,"-","-","SACRAMENTO","SACRAMENTO","CA",0,0
"5577163",-121.427623088,38.5251350422,2012,"3404","0","4","3","05",0,1,"C",,"Y",,,,2400,4,"D","G","A","FRUITRIDGE RD","65TH ST",0,,"Y","2013-08-15",3404,"2012-04-12",2226,"0817","6BP6","5","7","0","0",,"0",,"G","N",,0,0,,,0,,,,"N",2,"A","-",21202,,"N","B","H","-","C","A","0","Y","L","04",0,1,0,0,0,0,1,0,0,"-","-","SACRAMENTO","SACRAMENTO","CA",0,0
"5577159",-121.427773161,38.6401049784,2012,"3404","0","5","2","01",0,1,"C",,"Y",,,"Y",2100,4,"H","G","A","NORTH AV","IVY ST",0,,"Y","2013-08-16",3404,"2012-04-13",1936,"0236","2","5","7","0","0",,"0","00A","-","N",,0,0,,,0,,,,"Y",2,"A","-",23152,"A","N","B","H","-","B","D","0","Y","A","01",1,0,0,0,0,0,1,0,0,"-","-","SACRAMENTO","SACRAMENTO","CA",0,0
"5577155",-121.467593021,38.5502949925,2012,"3404","0","7","3","01",0,1,"B",,,,,"Y",300,4,"D","E","A","36TH ST","4TH AV",0,,"Y","2013-08-20",3404,"2012-04-15",138,"210","6","5","7","0","0",,"0","00A","-","N",,0,0,,,0,,,,"Y",3,"A","-",23152,"A","N","A","H","-","A","D","0","Y","A","01",0,1,0,0,0,0,0,0,0,"-","-","SACRAMENTO","SACRAMENTO","CA",0,0
"5577147",-121.442368202,38.59845713,2012,"3404","0","2","4","08",0,1,"A",,,,,"Y",1500,4,"B","C","A","ARDEN WAY","RT 80",183,"E","N","2013-12-11",3404,"2012-04-03",1320,"0820","SACTO","5","7","0","0",,"0","02C","-","Y","SAC",3,51,"-","-",3.478,"R","4","N","Y",2,"A","-",22107,,"N","A","H","-","A","A","0","Y","A","01",0,0,1,0,0,0,0,0,0,"-","WF","SACRAMENTO","SACRAMENTO","CA",0,0
"5576866",-121.456903177,38.6758712298,2012,"3400","4","7","2","08",0,1,"A",,,,,,300,1,"E","I","A","RIO LINDA BL","E ST",300,"S","N","2013-06-24",9250,"2012-01-08",250,"17862",,"3","9","0","2",,"1","061","-","N",,0,0,,,0,,,,"Y",1,"A","-",22107,,"F","A","H","-","C","D","0","Y","A","01",1,0,0,0,0,0,0,0,0,"-","-","UNINCORPORATED","SACRAMENTO","CA",0,0
"5576862",-121.401541296,38.5748412378,2012,"3400","5","2","4","09",0,1,"B",,,,,,1800,1,"D","C","A","MUNROE ST","FAIR OAKS BL",210,"N","N","2013-06-24",9250,"2012-01-24",1640,"16225",,"2","9","0","3",,"2","040","-","N",,0,0,,,0,,,,"N",2,"A","-",21801,"A","N","A","H","-","A","D","0","Y","A","01",0,0,1,0,0,0,0,0,0,"-","-","UNINCORPORATED","SACRAMENTO","CA",0,0
"5576831",-121.331653458,38.6706860527,2012,"3400","5","5","3","21",0,1,"B",,"Y",,,,1800,1,"H","G","A","AUBURN BL","GARFIELD AV",1670,"N","N","2013-06-24",9250,"2012-01-20",1745,"17900",,"2","9","0","3",,"2","020","C","N",,0,0,,,0,,,,"N",2,"A","-",22106,,"N","B","H","-","C","D","0","Y","A","08",0,1,0,0,0,0,1,0,0,"-","-","UNINCORPORATED","SACRAMENTO","CA",0,0
"5576827",-121.332127829,38.624465097,2012,"3400","1","6","4","10",0,1,"A","Y",,,,,1800,1,"G","B","B","NORTH AV","FAIR OAKS BL",1056,"W","N","2013-06-24",9250,"2012-01-14",1740,"17682",,"2","9","0","1",,"2","106","-","N",,0,0,,,0,,,,"N",2,"A","-",21950,"A","M","A","H","-","D","D","0","Y","-","99",0,0,1,0,1,0,0,0,0,"-","-","UNINCORPORATED","SACRAMENTO","CA",0,0
"5576803",-121.252143001,38.6862850272,2012,"3400","5","5","3","05",0,1,"B",,"Y",,,,1500,1,"H","G","A","GORDIAN WY","FOREST CREEK LN",0,,"Y","2013-06-24",9250,"2012-01-20",1420,"12470",,"2","9","0","2",,"2","030","-","N",,0,0,,,0,,,,"N",2,"A","-",21650,,"N","B","H","-","A","D","0","Y","L","04",0,1,0,0,0,0,1,0,0,"-","-","UNINCORPORATED","SACRAMENTO","CA",0,0
"5576775",-121.4102331,38.553425128,2012,"3400","2","1","4","18",0,1,"A",,,,,,1200,2,"E","I","A","RT 50","HOWE AV",500,"W","N","2013-09-17",9252,"2012-02-27",955,"15534",,"1","9","0","1",,"2","151","-","Y","SAC",3,50,"-","R",3.533,"R","2","E","Y",1,"C","-",0,,"N","D","G","-","A","D","1","Y","-","-",0,0,1,0,0,0,0,0,0,"-","-","UNINCORPORATED","SACRAMENTO","CA",-121.41221,38.55263
"5576771",-121.453690829,38.503501939,2012,"3400","3","1","3","18",0,1,"A",,,,,,1500,2,"E","J","A","RT 99","TURNBRIDGE DR",528,"N","N","2013-09-17",9252,"2012-02-27",1200,"14512",,"1","9","0","1",,"2","192","-","Y","SAC",3,99,"-","-",20.28,"H","-","N","N",1,"C","-",0,,"N","A","B","H","A","D","1","Y","-","-",0,1,0,0,0,0,0,0,0,"-","-","UNINCORPORATED","SACRAMENTO","CA",-121.45478,38.50447
"5576767",-121.514243594,38.569664871,2012,"3404","2","5","4","08",0,3,"A",,,,,,900,2,"B","C","A","RT 50","RIVERSIDE BL",50,"E","N","2013-09-17",9252,"2012-02-24",855,"17939",,"1","7","0","1",,"2","150","-","Y","SAC",3,50,"-","L",0.19,"H","-","E","N",2,"A","-",22107,,"N","A","H","-","A","D","1","Y","A","01",0,0,3,0,0,0,0,0,0,"-","-","SACRAMENTO","SACRAMENTO","CA",-121.49678,38.5642
"5576763",-121.474039135,38.547208578,2012,"3404","3","5","3","03",0,1,"A",,,,,,1800,2,"C","C","A","RT 99","BROADWAY",1400,"S","N","2013-09-25",9252,"2012-02-24",1515,"18668",,"2","7","0","1",,"2","192","-","Y","SAC",3,99,"-","-",23.92,"H","-","S","Y",3,"A","-",22350,,"N","A","H","-","A","D","1","Y","A","01",0,1,0,0,0,0,0,0,0,"-","-","SACRAMENTO","SACRAMENTO","CA",-121.474,38.5513
"5576759",-121.456457822,38.560106473,2012,"3404","2","5","3","03",0,1,"A",,,,,,900,2,"C","C","A","RT 50","STOCKTON BL",500,"E","N","2013-09-17",9252,"2012-02-24",750,"17939",,"1","7","0","1",,"2","151","-","Y","SAC",3,50,"-","R",0.8,"H","-","W","Y",2,"A","-",22350,,"N","A","H","-","A","D","1","Y","A","01",0,1,0,0,0,0,0,0,0,"-","-","SACRAMENTO","SACRAMENTO","CA",-121.45404,38.55956
"5576479",-121.36603909,38.560006547,2012,"3400","2","3","4","07",0,1,"B",,,,,,1800,4,"B","C","A","RT 50","WATT AV",5,"E","N","2013-11-27",9260,"2012-04-11",1525,"018590",,"2","9","0","1",,"2","501","-","Y","SAC",3,50,"-","R",6.02,"H","-","E","Y",3,"A","-",21658,"A","F","A","H","-","A","D","1","Y","A","01",0,0,1,0,0,0,0,0,0,"-","-","UNINCORPORATED","SACRAMENTO","CA",0,0
"5576475",-121.303975689,38.580804312,2012,"3400","2","7","4","07",0,1,"A",,,,,,1500,4,"B","C","A","RT 50","MATHER FIELD RD",1100,"E","N","2013-10-22",9260,"2012-04-08",1255,"016429",,"1","9","0","1",,"2","501","-","Y","SAC",3,50,"-","R",9.72,"H","-","E","Y",3,"A","-",21658,"A","N","A","H","-","A","D","1","Y","A","01",0,0,1,0,0,0,0,0,0,"-","-","UNINCORPORATED","SACRAMENTO","CA",0,0
"5576471",-121.319075338,38.573790155,2012,"3490","2","2","3","08",0,1,"B",,,,,,1200,4,"E","I","A","RT 50","ROUTIER RD",287,"W","N","2013-10-22",9260,"2012-04-10",930,"13560",,"1","5","0","1",,"2","501","-","Y","SAC",3,50,"-","R",8.86,"H","-","E","Y",1,"A","-",22107,,"N","A","H","-","A","D","1","Y","A","01",0,1,0,0,0,0,0,0,0,"-","-","RANCHO CORDOVA","SACRAMENTO","CA",-121,38
"5576444",-121.40907306,38.5105550113,2012,"3404","0","7","4","12",0,1,"A",,"Y",,,,2100,4,"D","G","A","POWER INN RD","ELDER CREEK RD",0,,"Y","2013-08-27",3404,"2012-04-15",2041,"824",,"5","7","0","0",,"0",,"-","N",,0,0,,,0,,,,"N",2,"A","-",21453,"A","N","A","H","-","C","A","0","Y","L","04",0,0,1,0,0,0,1,0,0,"-","-","SACRAMENTO","SACRAMENTO","CA",0,0
"5576440",-121.494483124,38.637085128,2012,"3404","0","3","4","12",0,1,"A",,,,,,1800,4,"D","C","A","TRUXEL RD","RT 80",0,,"Y","2013-11-19",3404,"2012-04-18",1631,"0796",,"5","7","0","0",,"0",,"-","Y","SAC",3,80,"-","M",3.891,"R","4","W",,2,"A","-",21453,"A","N","A","H","-","A","A","0","Y","A","01",0,0,1,0,0,0,0,0,0,"-","WF","SACRAMENTO","SACRAMENTO","CA",0,0
"5576439",0,0,2012,"3450","0","2","4","03",0,1,"A",,,,,,1800,4,"C","C","A","LAGUNA BL","LIGHT POLE 23015",17,"W","N","2013-10-11",340,"2012-04-17",1619,"10031","2303","5","5","0","0",,"0","002","-","N",,0,0,,,0,,,,"Y",2,"A","-",22350,,"N","A","H","-","A","A","0","Y","A","01",0,0,1,0,0,0,0,0,0,"-","-","ELK GROVE","SACRAMENTO","CA",0,0
"5576436",-121.488733068,38.5802749836,2012,"3404","0","5","4","12",0,1,"A",,,,,,1800,4,"D","C","A","13TH ST","I ST",0,,"Y","2013-08-29",3404,"2012-04-20",1536,"0762",,"5","7","0","0",,"0","03M","-","N",,0,0,,,0,,,,"Y",2,"A","-",21453,"A","N","A","H","-","A","A","0","Y","A","01",0,0,1,0,0,0,0,0,0,"-","-","SACRAMENTO","SACRAMENTO","CA",0,0
"5576435",-121.447823129,38.4251449575,2012,"3450","0","2","4","09",0,3,"B",,,,,,2100,4,"D","D","A","FRANKLIN BL","TEGAN RD",0,,"Y","2013-10-11",340,"2012-04-10",2018,"10418","2107","5","5","0","0",,"0","002","C","N",,0,0,,,0,,,,"Y",2,"A","-",21801,"A","N","B","H","-","C","D","0","Y","A","01",0,0,3,0,0,0,0,0,0,"-","-","ELK GROVE","SACRAMENTO","CA",0,0
"5576432",-121.488567831,38.5704057563,2012,"3404","0","5","3","10",0,1,"A","Y",,,,,900,4,"G","B","B","16TH ST","Q ST",12,"N","N","2013-08-29",3404,"2012-04-20",745,"663",,"5","7","0","0",,"0","038","-","N",,0,0,,,0,,,,"N",2,"A","-",21950,"A","N","A","H","-","A","A","0","Y","A","01",0,1,0,0,1,0,0,0,0,"-","-","SACRAMENTO","SACRAMENTO","CA",0,0
"5576428",-121.488283059,38.5813849901,2012,"3404","0","3","3","08",0,1,"A",,,,,,1800,4,"B","C","A","H ST","13TH ST",0,,"Y","2013-08-29",3404,"2012-04-04",1527,"0225",,"5","7","0","0",,"0",,"-","N",,0,0,,,0,,,,"Y",2,"A","-",22107,,"N","A","H","-","A","D","0","Y","A","01",0,1,0,0,0,0,0,0,0,"-","-","SACRAMENTO","SACRAMENTO","CA",0,0
"5576424",-121.454702107,38.6288650877,2012,"3404","0","2","3","01",0,2,"A",,,,,"Y",1500,4,"A","I","A","FORD RD","PASEO NUEVO",66,"E","N","2013-08-27",3404,"2012-04-17",1313,"0636",,"5","7","0","0",,"0",,"-","N",,0,0,,,0,,,,"Y",1,"A","-",23152,"A","N","A","H","-","A","D","0","Y","-","-",0,1,1,0,0,0,0,0,0,"-","-","SACRAMENTO","SACRAMENTO","CA",0,0
"5576420",-121.478523053,38.5763349685,2012,"3404","0","6","4","01",0,1,"A","Y",,,,,2100,4,"G","B","B","J ST","21ST ST",0,,"Y","2013-08-27",3404,"2012-04-14",2049,"291",,"5","7","0","0",,"0","03B","-","N",,0,0,,,0,,,,"N",2,"A","-",23152,"A","N","A","H","-","C","A","0","Y","A","01",0,0,1,0,1,0,0,0,0,"-","-","SACRAMENTO","SACRAMENTO","CA",0,0
"5576290",-121.469843138,38.5690550598,2012,"3404","0","4","4","08",0,1,"B",,,"Y",,,1500,3,"B","C","A","29TH ST","N ST",0,,"Y","2013-09-27",3404,"2012-03-22",1254,"482",,"5","7","0","0",,"0",,"-","N",,0,0,,,0,,,,"N",2,"A","-",22107,,"N","A","H","-","A","A","0","Y","A","01",0,0,1,0,0,0,0,0,1,"-","-","SACRAMENTO","SACRAMENTO","CA",0,0
"5576223",-121.45227314,38.6911250426,2012,"3400","5","4","4","05",0,1,"B",,"Y",,,,1500,3,"H","G","A","M ST","6TH ST",0,,"Y","2013-08-09",9250,"2012-03-15",1400,"15728",,"2","9","0","3",,"2","060","-","N",,0,0,,,0,,,,"N",2,"A","-",21650,"1","N","A","H","-","A","A","0","Y","L","04",0,0,1,0,0,0,1,0,0,"-","-","UNINCORPORATED","SACRAMENTO","CA",0,0
"5576174",-121.3727749,38.5774073591,2012,"3400","4","1","4","03",0,1,"A",,,,,,1800,2,"C","C","A","FAIR OAKS BL","SAN RAMON WY",16,"E","N","2013-08-05",9250,"2012-02-27",1505,"15976",,"2","9","0","2",,"1","048","-","N",,0,0,,,0,,,,"N",2,"A","-",22350,,"N","A","H","-","A","A","0","Y","A","01",0,0,1,0,0,0,0,0,0,"-","-","UNINCORPORATED","SACRAMENTO","CA",0,0
"5576164",-121.306192327,38.6635667516,2012,"3400","4","2","4","07",0,1,"B",,,,,,1200,3,"C","C","A","MADISON AV","TOOMBS ST",15,"W","N","2013-08-09",9250,"2012-03-13",1110,"14281",,"1","9","0","2",,"1","024","C","N",,0,0,,,0,,,,"N",2,"A","-",21658,"A","N","B","H","-","A","D","0","Y","A","01",0,0,1,0,0,0,0,0,0,"-","-","UNINCORPORATED","SACRAMENTO","CA",0,0
"5576163",-121.343178779,38.677021805,2012,"3400","1","3","3","01",0,1,"B",,,,,"Y",600,3,"E","I","A","RT 80","GREENBACK LN",2640,"W","N","2013-10-03",9250,"2012-03-14",300,"017620",,"3","9","0","1",,"2","183","C","Y","SAC",3,80,"-","-",13.95,"H","-","W","Y",1,"A","-",23152,"A","N","B","H","-","C","D","1","Y","A","01",0,1,0,0,0,0,0,0,0,"-","-","UNINCORPORATED","SACRAMENTO","CA",0,0
"5576140",-121.271926022,38.7005245698,2012,"3496","0","2","3","21",0,1,"A",,,"Y",,,2400,2,"H","A","A","SUNRISE BL","OAK AV",69,"N","N","2013-09-05",3496,"2012-02-14",2150,,,"5","5","0","0",,"0",,"-","N",,0,0,,,0,,,,"N",1,"A","-",22106,,"F","A","H","-","C","D","0","Y","C","02",0,1,0,0,0,0,0,0,1,"-","-","CITRUS HEIGHTS","SACRAMENTO","CA",0,0
"5576079",-121.505037004,38.631548664,2012,"3404","1","7","4","03",0,3,"A",,,,,,900,2,"C","C","A","RT 80","TRUXEL RD",200,"W","N","2013-09-16",9250,"2012-02-26",830,"17629",,"1","7","0","1",,"2","181","-","Y","SAC",3,80,"-","M",3.6,"H","-","W","Y",2,"A","-",22350,,"N","A","H","-","A","D","1","Y","A","01",0,0,3,0,0,0,0,0,0,"-","-","SACRAMENTO","SACRAMENTO","CA",0,0
"5576075",-121.260437265,38.67861615,2012,"3400","4","2","4","08",0,1,"B",,,,,,1200,2,"D","C","A","GREENBACK LN","FAIR OAKS BL",530,"E","N","2013-07-09",9250,"2012-02-28",1056,"18596",,"1","9","0","2",,"2","032","-","N",,0,0,,,0,,,,"N",2,"A","-",22107,,"M","A","H","-","A","D","0","Y","-","99",0,0,1,0,0,0,0,0,0,"-","-","UNINCORPORATED","SACRAMENTO","CA",0,0
"5576071",-121.272242895,38.6634032664,2012,"3400","4","3","4","09",0,1,"C",,,,,,900,2,"D","C","A","SUNRISE BL","MADISON AV",150,"S","N","2013-07-09",9250,"2012-02-29",800,"12152",,"1","9","0","2",,"2","031","-","N",,0,0,,,0,,,,"Y",3,"A","-",21804,"A","N","B","H","-","A","D","0","Y","A","08",0,0,1,0,0,0,0,0,0,"-","-","UNINCORPORATED","SACRAMENTO","CA",0,0