"CASEID","POINT_X","POINT_Y","YEAR_","LOCATION","CHPTYPE","DAYWEEK","CRASHSEV","VIOLCAT","KILLED","INJURED","WEATHER1","PEDCOL","BICCOL","MCCOL","TRUCKCOL","ETOH","TIMECAT","MONTH_","CRASHTYP","INVOLVE","PED","PRIMARYRD","SECONDRD","DISTANCE","DIRECT","INTERSECT_","PROCDATE","JURIS","DATE_","TIME_","BADGE","JURIDIST","SHIFT","POP","SPECIAL","BEATTYPE","LAPDDIV","BEATCLAS","BEATNUMB","WEATHER2","STATEHW","CALTRANC","CALTRAND","STROUTE","ROUTESUF","POSTPRE","POSTMILE","LOCATYPE","RAMP","SIDEHW","TOWAWAY","PARTIES","PCF","VIOLCODE","VIOL","VIOLSUB","HITRUN","ROADSURF","RDCOND1","RDCOND2","LIGHTING","RIGHTWAY","CHPRDTYP","NOTPRIV","STFAULT","CHPFAULT","SEVINJ","OTHERINJ","COP","PEDKILL","PEDINJ","BICKILL","BICINJ","MCKILL","MCINJURE","RAMP1","RAMP2","CITY","COUNTY","STATE","X_CHP","Y_CHP"
"5548494",-121.315385842,38.6634651009,2012,"3400","4","7","4","03",0,1,"B",,,,,,1800,3,"D","C","A","MADISON AV","FLAGSTONE DR",75,"W","N","2013-08-08",9250,"2012-03-18",1630,"17999",,"2","9","0","2",,"1","024","C","N",,0,0,,,0,,,,"Y",2,"A","-",22350,,"N","B","H","-","A","D","0","Y","A","01",0,0,1,0,0,0,0,0,0,"-","-","UNINCORPORATED","SACRAMENTO","CA",0,0
"5548493",-121.369043161,38.6578941542,2012,"3400","5","6","3","09",0,3,"A",,,,,,1500,3,"D","C","A","HARRISON ST","TRESLER AV",339,"S","N","2013-08-08",9250,"2012-03-10",1420,"18816",,"2","9","0","3",,"2","010","-","N",,0,0,,,0,,,,"N",2,"A","-",21804,"A","N","A","H","-","A","D","0","Y","A","01",0,1,2,0,0,0,0,0,0,"-","-","UNINCORPORATED","SACRAMENTO","CA",0,0
"5548490",-121.308212946,38.6636210729,2012,"3400","4","1","4","21",0,1,"A",,,,,,1500,3,"C","C","A","MADISON AV","DEWEY DR",100,"E","N","2013-08-08",9250,"2012-03-19",1258,"16114",,"1","9","0","2",,"1","024","-","N",,0,0,,,0,,,,"N",2,"A","-",22106,,"N","A","H","-","A","D","0","Y","A","01",0,0,1,0,0,0,0,0,0,"-","-","UNINCORPORATED","SACRAMENTO","CA",0,0
"5548489",-121.306233181,38.6635417583,2012,"3400","4","5","4","09",0,1,"B",,,,,,2400,3,"D","C","A","MADISON AV","TOMBS DR",30,"W","N","2013-08-08",9250,"2012-03-16",2200,"16419",,"3","9","0","2",,"1","024","C","N",,0,0,,,0,,,,"N",2,"A","-",21804,"A","N","B","H","-","C","D","0","Y","A","01",0,0,1,0,0,0,0,0,0,"-","-","UNINCORPORATED","SACRAMENTO","CA",0,0
"5548486",-121.401473161,38.6179227046,2012,"3400","4","3","4","21",0,2,"A",,,,,,900,3,"C","C","A","FULTON AV","MARCONI AV",30,"S","N","2013-08-08",9250,"2012-03-21",820,"12813",,"1","9","0","2",,"1","043","-","N",,0,0,,,0,,,,"N",2,"A","-",22106,,"N","A","H","-","A","D","0","Y","A","01",0,0,2,0,0,0,0,0,0,"-","-","UNINCORPORATED","SACRAMENTO","CA",0,0
"5548485",-121.308312023,38.6548127223,2012,"3400","5","1","3","03",0,1,"B","Y",,,,,1800,3,"G","B","F","DEWEY DR","WILL ROGERS DR",30,"S","N","2013-08-08",9250,"2012-03-19",1505,"15272",,"2","9","0","3",,"2","020","-","N",,0,0,,,0,,,,"N",2,"A","-",22350,,"N","A","H","-","A","A","0","Y","A","01",0,1,0,0,1,0,0,0,0,"-","-","UNINCORPORATED","SACRAMENTO","CA",0,0
"5548482",-121.383053071,38.5704867146,2012,"3400","4","4","4","01",0,1,"B",,,,,"Y",1800,3,"C","C","A","WATT AV","AMERICAN RIVER DR",150,"N","N","2013-08-08",9250,"2012-03-15",1530,"15976",,"2","9","0","2",,"1","045","-","N",,0,0,,,0,,,,"N",2,"A","-",23152,"A","N","B","H","-","A","D","0","Y","A","01",0,0,1,0,0,0,0,0,0,"-","-","UNINCORPORATED","SACRAMENTO","CA",0,0
"5548481",-121.343807291,38.6876784252,2012,"3400","5","4","4","03",0,1,"B",,,,,,900,3,"C","C","A","ELKHORN BL","ANDREA BL",50,"E","N","2013-08-08",9250,"2012-03-01",800,"15423",,"1","9","0","3",,"2","010","C","N",,0,0,,,0,,,,"N",2,"A","-",22350,,"N","B","H","-","A","A","0","Y","A","01",0,0,1,0,0,0,0,0,0,"-","-","UNINCORPORATED","SACRAMENTO","CA",0,0
"5548480",-121.382614112,38.6576780544,2012,"3400","4","1","4","03",0,3,"B",,,,,,900,3,"C","C","A","ROSEVILLE RD","WATT AV",100,"E","N","2013-08-10",9250,"2012-03-12",750,"015423",,"1","9","0","2",,"1","015","-","N",,0,0,,,0,,,,"Y",4,"A","-",22350,,"F","A","H","-","A","D","0","Y","A","01",0,0,3,0,0,0,0,0,0,"-","-","UNINCORPORATED","SACRAMENTO","CA",0,0
"5548476",-121.401511696,38.5731464405,2012,"3400","5","2","3","11",0,1,"C","Y",,,,,2100,3,"G","B","D","MUNROE ST","PARK SIERRA LN",25,"S","N","2013-08-10",9250,"2012-03-13",2045,"017734",,"2","9","0","3",,"2","040","-","N",,0,0,,,0,,,,"N",2,"A","-",21954,"A","N","B","H","-","C","D","0","Y","N","60",0,1,0,0,1,0,0,0,0,"-","-","UNINCORPORATED","SACRAMENTO","CA",0,0
"5548472",-121.456901229,38.6831312323,2012,"3400","4","5","3","09",0,1,"A",,,,,,1800,3,"D","C","A","RIO LINDA BL","ELKHORN BL",300,"S","N","2013-08-10",9250,"2012-03-23",1510,"016328",,"2","9","0","2",,"1","061","-","N",,0,0,,,0,,,,"Y",2,"A","-",21801,"A","N","A","H","-","A","D","0","Y","A","01",0,1,0,0,0,0,0,0,0,"-","-","UNINCORPORATED","SACRAMENTO","CA",0,0
"5548468",-121.382993067,38.6313650639,2012,"3400","4","6","4","09",0,1,"B",,,,,,1200,3,"B","C","A","WATT AV","POTTER LN",0,,"Y","2013-08-10",9250,"2012-03-24",955,"014344",,"1","9","0","2",,"1","045","-","N",,0,0,,,0,,,,"N",2,"A","-",21802,"A","F","A","H","-","A","A","0","Y","A","01",0,0,1,0,0,0,0,0,0,"-","-","UNINCORPORATED","SACRAMENTO","CA",0,0
"5548464",-121.308333033,38.6582850972,2012,"3400","5","4","3","09",0,3,"A",,,,,,900,3,"D","C","A","DEWEY DR","OAKCREST AV",0,,"Y","2013-08-10",9250,"2012-03-22",720,"014845",,"1","9","0","3",,"2","020","-","N",,0,0,,,0,,,,"Y",2,"A","-",21801,"A","N","A","H","-","A","A","0","Y","A","07",0,1,2,0,0,0,0,0,0,"-","-","UNINCORPORATED","SACRAMENTO","CA",0,0
"5548460",-121.401473161,38.6169066155,2012,"3400","4","5","4","09",0,1,"C",,,,,,1500,3,"A","C","A","FULTON AV","MARCONI AV",400,"S","N","2013-08-10",9250,"2012-03-16",1400,"018260",,"2","9","0","2",,"1","043","-","N",,0,0,,,0,,,,"Y",2,"A","-",21804,"A","N","B","H","-","A","D","0","Y","A","01",0,0,1,0,0,0,0,0,0,"-","-","UNINCORPORATED","SACRAMENTO","CA",0,0
"5548456",-121.221616003,38.6784168986,2012,"3400","4","2","4","09",0,2,"C",,,,,,1200,3,"D","C","A","GREENBACK LN","PECAN AV",175,"W","N","2013-08-10",9250,"2012-03-13",1055,"012470",,"1","9","0","2",,"2","032","-","N",,0,0,,,0,,,,"Y",2,"A","-",21804,"A","N","B","H","-","A","D","0","Y","A","07",0,0,2,0,0,0,0,0,0,"-","-","UNINCORPORATED","SACRAMENTO","CA",0,0
"5548452",-121.361303106,38.66010514,2012,"3400","1","3","4","03",0,1,"B","Y",,,,,1800,3,"G","B","F","I 80","MADISON AV",10,"N","N","2013-10-03",9250,"2012-03-14",1715,"012602",,"2","9","0","1",,"2","183","-","Y","SAC",3,80,"-","-",12.502,"R","3","W","Y",2,"A","-",22350,,"N","B","H","-","A","D","1","Y","A","01",0,0,1,0,1,0,0,0,0,"FR","-","UNINCORPORATED","SACRAMENTO","CA",0,0
"5548448",-121.433184526,38.60498589,2012,"3404","3","3","4","08",0,1,"B",,,,,,900,3,"F","A","A","RT 51","ARDEN WAY",431,"N","N","2013-09-26",9250,"2012-03-14",810,"015518",,"1","7","0","1",,"2","151","C","Y","SAC",3,51,"-","-",4.17,"H","-","N","Y",1,"A","-",22107,,"N","B","H","-","A","D","1","Y","A","01",0,0,1,0,0,0,0,0,0,"-","-","SACRAMENTO","SACRAMENTO","CA",0,0
"5548444",-121.494483124,38.637085128,2012,"3404","1","6","3","01",0,2,"B",,,,,"Y",1500,3,"C","C","A","I 80","TRUXEL RD",70,"E","N","2013-10-03",9250,"2012-03-31",1315,"012011",,"1","7","0","1",,"2","181","-","Y","SAC",3,80,"-","M",3.891,"R","1","W","N",2,"A","-",23152,"A","F","B","H","-","A","A","1","Y","A","01",0,1,1,0,0,0,0,0,0,"TO","-","SACRAMENTO","SACRAMENTO","CA",0,0
"5548440",-121.419485726,38.621564801,2012,"3404","3","4","3","03",0,1,"B",,,,,,900,3,"E","I","A","RT 51","MARCONI AV",480,"N","N","2013-09-26",9250,"2012-03-22",705,"017129",,"1","7","0","1",,"2","151","-","Y","SAC",3,51,"-","-",5.59,"H","-","N","Y",1,"A","-",22350,,"N","A","H","-","A","D","1","Y","A","01",0,1,0,0,0,0,0,0,0,"-","-","SACRAMENTO","SACRAMENTO","CA",0,0
"5548436",-121.588983725,38.671105824,2012,"3404","1","6","4","03",0,2,"B",,,,,,600,3,"C","C","A","I 5","AIRPORT BL",400,"S","N","2013-09-26",9250,"2012-03-31",451,"018560",,"3","7","0","1",,"2","106","-","Y","SAC",3,5,"-","-",32.67,"H","-","S","Y",2,"A","-",22350,,"N","A","H","-","D","D","1","Y","A","01",0,0,2,0,0,0,0,0,0,"-","-","SACRAMENTO","SACRAMENTO","CA",0,0
"5548432",-121.541535225,38.668312716,2012,"3404","1","2","3","03",0,3,"B",,,,,,2100,3,"E","I","A","I 5","DEL PASO RD",2500,"N","N","2013-09-26",9250,"2012-03-27",1845,"015866",,"2","7","0","1",,"2","106","C","Y","SAC",3,5,"-","-",29.49,"H","-","S","N",1,"A","-",22350,,"N","B","H","-","C","D","1","Y","A","01",0,1,2,0,0,0,0,0,0,"-","-","SACRAMENTO","SACRAMENTO","CA",0,0
"5548428",-121.531653128,38.617555123,2012,"3400","5","7","3","03",0,3,"A",,,,,,1800,3,"C","C","A","WEST EL CAMINO AV","I 80",400,"W","N","2013-10-11",9250,"2012-03-25",1500,"16290",,"2","9","0","3",,"2","090","-","Y","SAC",3,80,"-","M",1.552,"R","4","W","N",2,"A","-",22350,,"N","A","H","-","A","A","1","Y","A","01",0,2,1,0,0,0,0,0,0,"-","-","UNINCORPORATED","SACRAMENTO","CA",0,0
"5548364",-121.225372579,38.626338581,2012,"3400","2","6","4","08",0,1,"A",,,,,,900,2,"E","I","A","RT 50","HAZEL AV",2112,"W","N","2013-09-23",9260,"2012-02-25",645,"16429",,"1","9","0","1",,"2","502","-","Y","SAC",3,50,"-","-",15.36,"H","-","E","Y",1,"A","-",22107,,"N","A","H","-","A","D","1","Y","A","01",0,0,1,0,0,0,0,0,0,"-","-","UNINCORPORATED","SACRAMENTO","CA",0,0
"5548052",-121.327409861,38.570456174,2012,"3400","2","3","2","08",0,1,"B",,,,,,1500,2,"E","J","A","RT 50","BRADSHAW RD",2640,"E","N","2013-09-17",9260,"2012-02-29",1415,"13284",,"2","9","0","1",,"2","501","C","Y","SAC",3,50,"-","R",8.25,"H","-","W","Y",1,"A","-",22107,,"N","B","H","-","A","D","1","Y","A","01",1,0,0,0,0,0,0,0,0,"-","-","UNINCORPORATED","SACRAMENTO","CA",0,0
"5547982",-121.36556306,38.5579450849,2012,"3400","4","7","3","01",0,2,"A",,,,,"Y",2100,4,"A","C","A","FOLSOM BL","NORCADE CIR",0,,"Y","2013-08-13",9260,"2012-04-01",1855,"18316",,"2","9","0","2",,"2","101","-","N",,0,0,,,0,,,,"Y",2,"A","-",23152,"A","N","A","H","-","A","D","0","Y","A","01",0,2,0,0,0,0,0,0,0,"-","-","UNINCORPORATED","SACRAMENTO","CA",-121.36562,38.55818
"5547978",-121.480393147,38.5954750633,2012,"3404","0","2","4","09",0,1,"B",,,,,,1800,4,"A","C","A","RICHARDS BL","VINE ST",0,,"Y","2013-08-13",3404,"2012-04-03",1713,"0464","3","5","7","0","0",,"0","00A","-","N",,0,0,,,0,,,,"Y",2,"A","-",21801,"A","N","A","H","-","A","D","0","Y","A","01",0,0,1,0,0,0,0,0,0,"-","-","SACRAMENTO","SACRAMENTO","CA",0,0
"5547966",-121.17558152,38.642643294,2012,"3400","2","7","4","18",0,2,"B",,,,,,300,4,"D","C","A","RT 50","PRAIRIE CITY RD",5380,"W","N","2013-10-23",9260,"2012-04-01",126,"16371",,"3","9","0","1",,"2","502","-","Y","SAC",3,50,"-","-",18.22,"H","-","W","Y",2,"C","-",0,,"N","B","H","-","D","D","1","Y","-","-",0,0,2,0,0,0,0,0,0,"-","-","UNINCORPORATED","SACRAMENTO","CA",-121.1751,38.6426
"5547962",-121.479133043,38.5528434812,2012,"3404","0","2","3","08",0,1,"A",,,,,,300,4,"F","E","A","3RD AV","27TH ST",40,"W","N","2013-08-13",3404,"2012-04-03",21,"0463","4","5","7","0","0",,"0","00A","B","N",,0,0,,,0,,,,"Y",2,"A","-",22107,,"N","A","H","-","C","D","0","Y","A","01",0,1,0,0,0,0,0,0,0,"-","-","SACRAMENTO","SACRAMENTO","CA",0,0
"5547960",-121.370223124,38.5252549875,2012,"3404","0","3","4","09",0,4,"A",,,,,,1500,4,"A","C","A","WATT AV","FRUITRIDGE RD",0,,"Y","2013-08-12",3404,"2012-04-04",1331,"208",,"5","7","0","0",,"0","06C","-","N",,0,0,,,0,,,,"Y",2,"A","-",21801,,"N","A","H","-","A","A","0","Y","-","-",0,0,4,0,0,0,0,0,0,"-","-","SACRAMENTO","SACRAMENTO","CA",0,0
"5547958",-121.496092556,38.6250863693,2012,"3404","0","7","2","-",0,1,"A","Y",,,,"Y",2400,4,"G","B","E","SAGINAW CIR","TRUXEL RD",528,"E","N","2013-10-24",3404,"2012-04-01",2342,"823",,"5","7","0","0",,"0","01C","-","N",,0,0,,,0,,,,"N",2,"A","-",0,,"N","A","H","-","C","D","0","Y","N","60",1,0,0,0,1,0,0,0,0,"-","-","SACRAMENTO","SACRAMENTO","CA",0,0
"5547739",-121.321670176,38.5487395254,2012,"3400","5","4","4","06",0,1,"B",,,,,,1200,4,"B","C","A","HAPPY LN","KIEFER BL",2640,"N","N","2013-08-13",9260,"2012-04-05",1005,"18590",,"1","9","0","3",,"2","001","-","N",,0,0,,,0,,,,"N",2,"A","-",21750,,"N","A","H","-","A","D","0","Y","A","01",0,0,1,0,0,0,0,0,0,"-","-","UNINCORPORATED","SACRAMENTO","CA",-121.19178,38.32537
"5547727",-121.336305758,38.5635999755,2012,"3400","4","2","3","03",0,1,"B",,,,,,2400,4,"C","C","A","BRADSHAW RD","MICRON AV",20,"N","N","2013-08-13",9260,"2012-04-03",2215,"13708",,"3","9","0","2",,"2","102","C","N",,0,0,,,0,,,,"Y",2,"A","-",22350,,"N","B","H","-","C","A","0","Y","A","01",0,1,0,0,0,0,0,0,0,"-","-","UNINCORPORATED","SACRAMENTO","CA",0,0
"5547435",-121.324263113,38.5636450325,2012,"3490","0","1","4","09",0,1,"A",,,,,,1500,2,"D","C","A","LINCOLN VILLAGE DR","ASTRAL DR",0,,"Y","2013-06-29",3400,"2012-02-27",1350,"507",,"5","5","0","0",,"0",,"-","N",,0,0,,,0,,,,"N",2,"A","-",21802,"A","N","A","H","-","A","A","0","Y","-","-",0,0,1,0,0,0,0,0,0,"-","-","RANCHO CORDOVA","SACRAMENTO","CA",0,0
"5547427",-121.303184843,38.5895746289,2012,"3490","0","1","4","08",0,1,"A",,,"Y",,,1800,2,"B","C","A","COLOMA RD","FOLSOM BL",190,"N","N","2013-06-29",3400,"2012-02-20",1625,"3","RC","5","5","0","0",,"0","005","-","N",,0,0,,,0,,,,"Y",2,"A","-",22107,,"N","A","H","-","A","D","0","Y","C","02",0,0,1,0,0,0,0,0,1,"-","-","RANCHO CORDOVA","SACRAMENTO","CA",0,0
"5547419",-121.263223084,38.611865143,2012,"3490","0","7","4","01",0,1,"C",,,"Y",,"Y",2100,2,"H","A","A","SUNRISE BL","RT 50",50,"S","N","2013-09-17",3400,"2012-02-12",1815,"3","RC","5","5","0","0",,"0","005","-","Y","SAC",3,50,"-","-",12.776,"R","4","W","N",1,"A","-",23152,"A","N","B","H","-","A","A","0","Y","C","02",0,0,1,0,0,0,0,0,1,"-","WF","RANCHO CORDOVA","SACRAMENTO","CA",0,0
"5547415",0,0,2012,"3490","0","1","4","12",0,1,"A",,,,,,1800,2,"D","C","A","WHITE ROCK RD","DATA DR",0,,"Y","2013-06-29",3400,"2012-02-13",1630,"3","RC","5","5","0","0",,"0","005","-","N",,0,0,,,0,,,,"Y",2,"A","-",21453,"A","N","A","H","-","A","A","0","Y","A","07",0,0,1,0,0,0,0,0,0,"-","-","RANCHO CORDOVA","SACRAMENTO","CA",0,0
"5547367",-121.282103054,38.5994050715,2012,"3490","0","6","4","12",0,1,"A",,,,,,1200,2,"D","C","A","FOLSOM BL","OLSON DR",0,,"Y","2013-06-29",3400,"2012-02-25",925,"777",,"5","5","0","0",,"0",,"-","N",,0,0,,,0,,,,"Y",2,"A","-",21453,"A","N","A","H","-","A","A","0","Y","-","-",0,0,1,0,0,0,0,0,0,"-","-","RANCHO CORDOVA","SACRAMENTO","CA",0,0
"5547153",0,0,2012,"3404","0","1","4","18",0,1,"A",,,,,,1500,2,"D","C","A","RIO LINDA BL","RIO LINDA BL 2800",0,,"N","2013-06-29",3404,"2012-02-20",1430,"769",,"5","7","0","0",,"0","02B","-","N",,0,0,,,0,,,,"Y",2,"C","-",0,,"N","A","H","-","A","D","0","Y","-","-",0,0,1,0,0,0,0,0,0,"-","-","SACRAMENTO","SACRAMENTO","CA",0,0
"5547149",0,0,2012,"3404","0","2","4","05",0,1,"-",,"Y",,,,1500,2,"D","G","A","HISTORIC ALY","16TH ST",8,"E","N","2013-06-29",3404,"2012-02-28",1253,"224",,"5","7","0","0",,"0","03M","-","N",,0,0,,,0,,,,"N",2,"A","-",21650,"1","N","A","H","-","A","D","0","Y","L","04",0,0,1,0,0,0,1,0,0,"-","-","SACRAMENTO","SACRAMENTO","CA",0,0
"5546472",0,0,2012,"3450","0","4","4","01",0,1,"A",,,,,"Y",2100,3,"E","I","A","WARMERDAM WY","WILLARD PKWY",0,,"Y","2013-06-08",340,"2012-03-01",2007,"10257","4301","5","5","0","0",,"0","004","-","N",,0,0,,,0,,,,"Y",1,"A","-",23152,"A","M","A","H","-","C","A","0","Y","A","01",0,0,1,0,0,0,0,0,0,"-","-","ELK GROVE","SACRAMENTO","CA",0,0
"5546464",0,0,2012,"3450","0","5","4","03",0,1,"A",,,,,,2100,3,"C","C","A","LEWIS STEIN RD","SHELDON RD",0,,"Y","2013-06-08",340,"2012-03-02",1850,"10009","2201","5","5","0","0",,"0","002","-","N",,0,0,,,0,,,,"N",3,"A","-",22350,,"N","A","H","-","C","A","0","Y","A","01",0,0,1,0,0,0,0,0,0,"-","-","ELK GROVE","SACRAMENTO","CA",0,0
"5546463",-121.318869632,38.5812448256,2012,"3490","0","7","2","18",0,1,"A",,,,,,1500,3,"B","C","A","W LA LOMA","FOLSOM BL",4,"N","N","2013-06-10",3400,"2012-03-04",1250,"1166","RC","5","5","0","0",,"0","005","-","N",,0,0,,,0,,,,"Y",2,"C","-",0,,"N","A","H","-","A","D","0","Y","-","-",1,0,0,0,0,0,0,0,0,"-","-","RANCHO CORDOVA","SACRAMENTO","CA",0,0
"5546460",-121.450893072,38.4286949893,2012,"3450","0","7","4","09",0,1,"A",,,,,,1200,3,"D","C","A","ALLBRITTON WY","LAGUNA PARK DR",0,,"Y","2013-06-08",340,"2012-03-04",1134,"10031","2107","5","5","0","0",,"0","002","-","N",,0,0,,,0,,,,"N",2,"A","-",21804,"A","N","A","H","-","A","A","0","Y","A","01",0,0,1,0,0,0,0,0,0,"-","-","ELK GROVE","SACRAMENTO","CA",0,0
"5546455",-121.265763094,38.5997050082,2012,"3490","0","4","4","03",0,1,"B",,,,,,1500,3,"C","C","A","SUNRISE BL","SUNRISE GOLD",0,,"Y","2013-06-10",3400,"2012-03-15",1440,"1174",,"5","5","0","0",,"0",,"-","N",,0,0,,,0,,,,"Y",2,"A","-",22350,,"N","B","H","-","A","A","0","Y","-","-",0,0,1,0,0,0,0,0,0,"-","-","RANCHO CORDOVA","SACRAMENTO","CA",0,0
"5546452",-121.448113129,38.4231050577,2012,"3450","0","5","4","04",0,1,"A",,,,,,1200,3,"C","C","A","LAGUNA BL","FRANKLIN BL",0,,"Y","2013-06-08",340,"2012-03-02",954,"10007","2107","5","5","0","0",,"0","002","-","N",,0,0,,,0,,,,"Y",2,"A","-",21703,,"N","A","H","-","A","A","0","Y","A","07",0,0,1,0,0,0,0,0,0,"-","-","ELK GROVE","SACRAMENTO","CA",0,0
"5546451",-121.29787669,38.6021697988,2012,"3490","0","4","2","11",0,1,"A","Y",,,,,900,3,"G","B","D","CHARDONAY DR","LAMBRUSCA DR",7,"W","N","2013-06-10",3400,"2012-03-08",757,"480",,"5","5","0","0",,"0",,"-","N",,0,0,,,0,,,,"N",2,"A","-",21954,"A","N","A","H","-","A","D","0","Y","N","60",1,0,0,0,1,0,0,0,0,"-","-","RANCHO CORDOVA","SACRAMENTO","CA",0,0
"5546448",-121.497883115,38.564765121,2012,"3404","0","4","4","02",0,1,"B",,,,,,900,3,"C","C","A","X ST","15TH ST",0,,"Y","2013-10-22",3404,"2012-03-01",755,"0834","SACRA","5","7","0","0",,"0","04A","-","Y","SAC",3,50,"-","L",1.192,"R","4","E","Y",2,"A","-",22400,"A","N","B","H","-","A","A","0","Y","A","01",0,0,1,0,0,0,0,0,0,"-","-","SACRAMENTO","SACRAMENTO","CA",0,0
"5546444",-121.474040152,38.5248850129,2012,"3404","0","5","4","03",0,3,"A",,,,,,2100,3,"C","C","A","FRUITRIDGE RD","SAINT JOSEPHS DR",2,"W","N","2013-06-08",3404,"2012-03-02",1826,"0456","4","5","7","0","0",,"0","00B","-","N",,0,0,,,0,,,,"Y",4,"A","-",22350,,"F","A","H","-","B","D","0","Y","A","07",0,0,3,0,0,0,0,0,0,"-","-","SACRAMENTO","SACRAMENTO","CA",0,0
"5546443",-121.296173118,38.591525039,2012,"3490","0","4","4","09",0,3,"C",,,,,,1800,3,"A","C","A","MILLS PARK DR","OLSON DR",0,,"Y","2013-06-10",3400,"2012-03-15",1515,"1354","RC","5","5","0","0",,"0",,"-","N",,0,0,,,0,,,,"Y",2,"A","-",21802,"A","N","B","H","-","A","A","0","Y","-","-",0,0,3,0,0,0,0,0,0,"-","-","RANCHO CORDOVA","SACRAMENTO","CA",0,0
"5546431",-121.289133058,38.6102050348,2012,"3490","0","6","4","18",0,2,"B",,,,,,2100,3,"A","C","A","MCGREGOR DR","CARLOS WY",0,,"Y","2013-06-10",3400,"2012-03-17",1817,"828","RC","5","5","0","0",,"0","0S4","C","N",,0,0,,,0,,,,"Y",2,"C","-",0,,"N","B","H","-","A","D","0","Y","-","-",0,0,2,0,0,0,0,0,0,"-","-","RANCHO CORDOVA","SACRAMENTO","CA",0,0
"5546427",-121.282117851,38.5993976641,2012,"3490","0","7","4","10",0,1,"A","Y",,,,,1500,3,"G","B","B","FOLSOM BL","CORDOVA LN",5,"W","N","2013-06-10",3400,"2012-03-25",1403,"1166","RC","5","5","0","0",,"0","005","-","N",,0,0,,,0,,,,"N",2,"A","-",21950,"A","N","A","H","-","A","A","0","Y","-","-",0,0,1,0,0,0,0,0,0,"-","-","RANCHO CORDOVA","SACRAMENTO","CA",0,0
"5546423",-121.309846029,38.5856968249,2012,"3490","0","5","4","09",0,1,"C",,,,,,1800,3,"D","C","A","FOLSOM BL","PASEO DR",20,"E","N","2013-06-10",3400,"2012-03-16",1615,"20CSO","RC","5","5","0","0",,"0","005","-","N",,0,0,,,0,,,,"Y",2,"A","-",21804,,"N","B","H","-","A","A","0","Y","-","-",0,0,1,0,0,0,0,0,0,"-","-","RANCHO CORDOVA","SACRAMENTO","CA",0,0
"5546410",-121.336185001,38.529325445,2012,"3400","3","4","3","03",0,3,"B",,,,,,2100,3,"C","C","A","RT 16","BRADSHAW RD",345,"W","N","2013-09-11",9260,"2012-03-01",1815,"018590",,"2","9","0","1",,"2","216","-","Y","SAC",3,16,"-","-",6.15,"H","-","E","Y",3,"A","-",22350,,"N","B","H","-","C","A","0","Y","A","01",0,1,2,0,0,0,0,0,0,"-","-","UNINCORPORATED","SACRAMENTO","CA",-121.20106,38.31456
"5546406",-121.340090834,38.564210654,2012,"3400","2","4","4","03",0,5,"B",,,,,,1800,3,"C","C","A","RT 50","BRADSHAW RD",550,"W","N","2013-09-11",9260,"2012-03-01",1600,"013708",,"2","9","0","1",,"2","501","C","Y","SAC",3,50,"-","R",7.65,"H","-","W","Y",4,"A","-",22350,,"N","B","H","-","A","D","1","Y","A","01",0,0,5,0,0,0,0,0,0,"-","-","UNINCORPORATED","SACRAMENTO","CA",0,0
"5546398",-121.429143108,38.5677950598,2012,"3404","0","2","4","12",0,2,"B",,,,,,1500,3,"D","C","A","H ST","CARLSON DR",0,,"Y","2013-10-10",3404,"2012-03-27",1202,"663",,"5","7","0","0",,"0",,"-","N",,0,0,,,0,,,,"Y",2,"A","-",21453,"A","N","A","H","-","A","A","0","Y","-","-",0,0,2,0,0,0,0,0,0,"-","-","SACRAMENTO","SACRAMENTO","CA",0,0
"5546394",-121.438683106,38.4774250085,2012,"3404","0","1","3","12",0,5,"B",,,,,,1500,3,"D","C","A","CENTER PKWY","SCARBOROUGH WY",0,,"Y","2013-07-27",3404,"2012-03-26",1315,"639","SACRA","5","7","0","0",,"0","05B","-","N",,0,0,,,0,,,,"Y",2,"A","-",22450,,"N","A","H","-","A","A","0","Y","A","01",0,2,3,0,0,0,0,0,0,"-","-","SACRAMENTO","SACRAMENTO","CA",0,0
"5546378",-121.422246749,38.62196253,2012,"3404","0","4","4","-",0,1,"A",,,,,,1200,3,"C","C","A","MARCONI AV","AUBURN BL",160,"E","N","2013-07-27",3404,"2012-03-22",918,"689",,"5","7","0","0",,"0",,"-","N",,0,0,,,0,,,,"Y",4,"A","-",0,,"N","A","H","-","A","A","0","Y","-","-",0,0,1,0,0,0,0,0,0,"-","-","SACRAMENTO","SACRAMENTO","CA",0,0
"5545911",-121.358493093,38.560975132,2012,"3400","2","2","4","03",0,1,"B",,,,,,2400,3,"E","I","A","RT 50","MAYHEW RD",2640,"W","N","2013-09-27",9260,"2012-03-27",2135,"017550",,"2","9","0","1",,"2","501","C","Y","SAC",3,50,"-","R",6.48,"H","-","W","Y",1,"A","-",22350,,"N","B","H","-","D","D","1","Y","A","01",0,0,1,0,0,0,0,0,0,"-","-","UNINCORPORATED","SACRAMENTO","CA",0,0
"5545150",-121.407477242,38.55426279,2012,"3400","2","5","4","08",0,2,"C",,,,,,600,1,"E","I","A","RT 50","FOLSOM BL",2640,"E","N","2013-09-09",9260,"2012-01-20",400,"12483",,"3","9","0","1",,"2","502","-","Y","SAC",3,50,"-","R",3.66,"H","-","W","Y",1,"A","-",22107,,"N","B","H","-","D","A","0","Y","A","01",0,0,2,0,0,0,0,0,0,"-","-","UNINCORPORATED","SACRAMENTO","CA",0,0