"CASEID","POINT_X","POINT_Y","YEAR_","LOCATION","CHPTYPE","DAYWEEK","CRASHSEV","VIOLCAT","KILLED","INJURED","WEATHER1","PEDCOL","BICCOL","MCCOL","TRUCKCOL","ETOH","TIMECAT","MONTH_","CRASHTYP","INVOLVE","PED","PRIMARYRD","SECONDRD","DISTANCE","DIRECT","INTERSECT_","PROCDATE","JURIS","DATE_","TIME_","BADGE","JURIDIST","SHIFT","POP","SPECIAL","BEATTYPE","LAPDDIV","BEATCLAS","BEATNUMB","WEATHER2","STATEHW","CALTRANC","CALTRAND","STROUTE","ROUTESUF","POSTPRE","POSTMILE","LOCATYPE","RAMP","SIDEHW","TOWAWAY","PARTIES","PCF","VIOLCODE","VIOL","VIOLSUB","HITRUN","ROADSURF","RDCOND1","RDCOND2","LIGHTING","RIGHTWAY","CHPRDTYP","NOTPRIV","STFAULT","CHPFAULT","SEVINJ","OTHERINJ","COP","PEDKILL","PEDINJ","BICKILL","BICINJ","MCKILL","MCINJURE","RAMP1","RAMP2","CITY","COUNTY","STATE","X_CHP","Y_CHP"
"5540856",0,0,2012,"3450","0","6","3","18",0,1,"C",,,,,,1800,3,"H","A","A","SHELDON RD","POWER POLE UD 001984",147,,"N","2013-10-09",340,"2012-03-17",1758,"10149",,"5","5","0","0",,"0","003","-","N",,0,0,,,0,,,,"Y",1,"C","-",0,,"N","B","H","-","A","D","0","Y","-","-",0,1,0,0,0,0,0,0,0,"-","-","ELK GROVE","SACRAMENTO","CA",0,0
"5540852",-121.385913078,38.404955117,2012,"3450","0","2","3","03",0,3,"C",,,,,,2100,3,"D","C","A","EAST STOCKTON BL","RT 99",0,,"Y","2013-09-27",340,"2012-03-13",2031,"10298","5401","5","5","0","0",,"0","005","-","Y","SAC",3,99,"-","-",12.497,"R","4","N","Y",2,"A","-",22350,,"N","B","H","-","D","D","0","Y","A","01",0,1,2,0,0,0,0,0,0,"-","NF","ELK GROVE","SACRAMENTO","CA",0,0
"5540848",-121.395627298,38.4090643923,2012,"3450","0","1","3","03",0,2,"A",,,,,,1500,3,"C","C","A","ELK GROVE BL","LAGUNA SPRINGS DR",16,"E","N","2013-10-09",340,"2012-03-19",1444,"10031","4204","5","5","0","0",,"0","004","B","N",,0,0,,,0,,,,"N",2,"A","-",22350,,"N","A","H","-","A","D","0","Y","A","01",0,1,1,0,0,0,0,0,0,"-","-","ELK GROVE","SACRAMENTO","CA",0,0
"5540844",0,0,2012,"3450","0","6","4","12",0,1,"A",,,,,,1500,3,"D","C","A","BRUCEVILLE RD","WHITELOCK PKWY",0,,"Y","2013-10-09",340,"2012-03-10",1221,"10229","1","5","5","0","0",,"0","004","-","N",,0,0,,,0,,,,"Y",2,"A","-",21453,"A","N","A","H","-","A","A","0","Y","-","-",0,0,1,0,0,0,0,0,0,"-","-","ELK GROVE","SACRAMENTO","CA",0,0
"5540005",-121.436743101,38.5123150544,2012,"3404","0","7","2","12",0,1,"A","Y",,,,,900,2,"G","B","B","STOCKTON BL","DIAS AV",0,"N","N","2013-07-23",3404,"2012-02-19",653,"0647",,"5","7","0","0",,"0","06B","-","N",,0,0,,,0,,,,"N",2,"A","-",21453,"A","F","A","H","-","A","A","0","Y","A","01",1,0,0,0,1,0,0,0,0,"-","-","SACRAMENTO","SACRAMENTO","CA",0,0
"5539782",0,0,2012,"3450","0","3","3","10",0,1,"A","Y",,,,,1500,2,"G","B","B","WILLARD PKWY","BLOSSOM RIDGE DR",0,,"Y","2013-07-06",340,"2012-02-29",1434,"10031","4301","5","5","0","0",,"0","004","B","N",,0,0,,,0,,,,"N",2,"A","-",21950,"C","F","A","H","-","A","A","0","Y","A","01",0,1,0,0,1,0,0,0,0,"-","-","ELK GROVE","SACRAMENTO","CA",0,0
"5539770",-121.353223036,38.4235850284,2012,"3450","0","4","4","03",0,1,"A",,,,,,900,2,"C","C","A","WATERMAN RD","BOND RD",0,"S","N","2013-09-13",340,"2012-02-16",812,"10058","5201","5","5","0","0",,"0","005","-","N",,0,0,,,0,,,,"N",2,"A","-",22350,,"N","A","H","-","A","D","0","Y","A","01",0,0,1,0,0,0,0,0,0,"-","-","ELK GROVE","SACRAMENTO","CA",0,0
"5539749",-121.495188445,38.461527853,2012,"3400","1","3","3","08",0,1,"B",,,,,,1200,2,"E","I","A","RT 5","STONECREST AV",2112,"S","N","2013-09-23",9252,"2012-02-29",1150,"014787",,"1","9","0","1",,"2","106","C","Y","SAC",3,5,"-","-",14.5,"H","-","N","Y",1,"A","-",22107,,"N","B","D","-","A","D","1","Y","A","01",0,1,0,0,0,0,0,0,0,"-","-","UNINCORPORATED","SACRAMENTO","CA",-121.4948,38.4613
"5539662",-121.506385849,38.579269919,2012,"3404","1","4","4","03",0,4,"A",,,,,,1800,3,"C","C","A","RT 5","CAPITAL MALL",100,"S","N","2013-10-11",9252,"2012-03-01",1709,"18723",,"2","7","0","1",,"2","108","-","Y","SAC",3,5,"-","-",23.27,"H","-","S","N",3,"A","-",22350,,"N","A","H","-","A","D","1","Y","A","01",0,0,4,0,0,0,0,0,0,"-","-","SACRAMENTO","SACRAMENTO","CA",-121.50672,38.57878
"5539585",-121.253926644,38.416563395,2012,"3400","5","6","1","03",1,0,"A",,,,,,900,3,"E","I","A","GREEN RD","JEFFCOTT RD",641,"E","N","2014-04-09",9252,"2012-03-03",835,"14510",,"1","9","0","3",,"2","080","-","N",,0,0,,,0,,,,"Y",1,"A","-",22350,,"N","A","H","-","A","D","0","Y","D","22",0,0,0,0,0,0,0,0,0,"-","-","UNINCORPORATED","SACRAMENTO","CA",-121.25381,38.41677
"5539583",-121.399023463,38.431411647,2012,"3450","3","6","1","03",1,0,"A",,,"Y",,"Y",2400,2,"C","C","A","RT 99","LAGUNA BL",2823,"N","N","2014-04-07",9252,"2012-02-04",2220,"18986",,"3","5","0","1",,"2","191","-","Y","SAC",3,99,"-","-",14.37,"H","-","S","Y",2,"A","-",22350,,"N","A","H","-","C","D","1","Y","C","02",0,0,0,0,0,0,0,1,0,"-","-","ELK GROVE","SACRAMENTO","CA",-121.23562,38.25525
"5539581",-121.454593546,38.5104350771,2012,"3400","4","1","1","11",1,0,"A","Y",,,,,2100,1,"G","B","D","47TH AV","45TH ST",23,"W","N","2012-04-10",9252,"2012-01-02",1925,"17917",,"2","9","0","2",,"1","072","-","N",,0,0,,,0,,,,"N",3,"A","-",21954,"A","N","A","H","-","C","D","0","Y","N","60",0,0,0,1,0,0,0,0,0,"-","-","UNINCORPORATED","SACRAMENTO","CA",-121.45491,38.51051
"5539554",0,0,2012,"3404","0","1","1","01",1,2,"C",,,,,"Y",300,2,"E","I","A","J ST","CAMELLIA AV",295,"E","-","2012-04-06",3404,"2012-02-13",41,"0241",,"5","7","0","0",,"0","03C","-","N",,0,0,,,0,,,,"Y",1,"A","-",23152,"A","N","B","H","-","C","D","0","Y","A","01",1,1,0,0,0,0,0,0,0,"-","-","SACRAMENTO","SACRAMENTO","CA",0,0
"5539119",-121.504283116,38.5794150523,2012,"3404","0","3","4","12",0,2,"A",,,,,,1200,3,"D","C","A","CAPITOL MALL","3RD ST",0,,"Y","2013-07-30",3404,"2012-03-21",1136,"213","P3","5","7","0","0",,"0","03M","-","N",,0,0,,,0,,,,"Y",3,"A","-",21453,"A","N","A","H","-","A","A","0","Y","A","01",0,0,2,0,0,0,0,0,0,"-","-","SACRAMENTO","SACRAMENTO","CA",0,0
"5539115",-121.429783085,38.6365150615,2012,"3404","0","3","4","09",0,1,"B",,"Y",,,,1500,3,"D","G","A","GRAND AV","MARYSVILLE BL",0,,"Y","2013-07-30",3404,"2012-03-14",1450,"0682","2","5","7","0","0",,"0","02A","-","N",,0,0,,,0,,,,"N",2,"A","-",21804,"A","F","B","H","-","A","A","0","Y","A","01",0,0,1,0,0,0,1,0,0,"-","-","SACRAMENTO","SACRAMENTO","CA",0,0
"5539111",-121.487503122,38.5872550731,2012,"3404","0","3","4","09",0,1,"C",,,,,,1500,3,"D","F","A","12TH ST","C ST",0,,"Y","2013-07-30",3404,"2012-03-14",1239,"0748","SACRA","5","7","0","0",,"0",,"-","N",,0,0,,,0,,,,"N",2,"A","-",21801,"A","N","B","H","-","A","A","0","Y","-","-",0,0,1,0,0,0,0,0,0,"-","-","SACRAMENTO","SACRAMENTO","CA",0,0
"5539051",-121.512143129,38.4956250689,2012,"3404","0","3","4","12",0,1,"B",,,,,,2400,3,"D","C","A","FLORIN RD","SOUTH LAND PARK DR",0,,"Y","2013-07-30",3404,"2012-03-21",2154,"0831",,"5","7","0","0",,"0","04C","-","N",,0,0,,,0,,,,"Y",2,"A","-",21453,"A","F","A","H","-","C","A","0","Y","A","01",0,0,1,0,0,0,0,0,0,"-","-","SACRAMENTO","SACRAMENTO","CA",0,0
"5539047",-121.438743832,38.5288262699,2012,"3404","0","4","4","07",0,2,"B",,,,,,1800,3,"C","E","A","58TH ST","25TH AV",15,"N","N","2013-07-30",3404,"2012-03-15",1713,"0583",,"5","7","0","0",,"0",,"-","N",,0,0,,,0,,,,"Y",2,"A","-",21658,"A","N","A","H","-","A","D","0","Y","A","01",0,0,2,0,0,0,0,0,0,"-","-","SACRAMENTO","SACRAMENTO","CA",0,0
"5539043",0,0,2012,"3404","0","4","4","03",0,2,"B",,,,,,900,3,"C","C","A","FLORIN RD","AMHERST ST",103,"W","N","2013-07-30",3404,"2012-03-22",750,"0600",,"5","7","0","0",,"0",,"-","N",,0,0,,,0,,,,"N",4,"A","-",22350,,"N","A","H","-","A","D","0","Y","A","01",0,0,2,0,0,0,0,0,0,"-","-","SACRAMENTO","SACRAMENTO","CA",0,0
"5538957",0,0,2012,"3450","0","3","3","05",0,1,"B",,"Y",,,,1800,2,"G","B","A","FRANKLIN BL","WHITELOCK PKWY",0,,"Y","2013-07-06",340,"2012-02-29",1520,"10031","4301","5","5","0","0",,"0","004","G","N",,0,0,,,0,,,,"N",2,"A","-",21650,"1","N","A","H","-","A","A","0","Y","L","04",0,1,0,0,0,0,1,0,0,"-","-","ELK GROVE","SACRAMENTO","CA",0,0
"5538953",-121.393283081,38.419215117,2012,"3450","0","6","4","03",0,2,"-",,,,,,2100,2,"C","C","A","BOND RD","RT 99",0,,"Y","2013-09-17",340,"2012-02-25",2008,"10058","5101","5","5","0","0",,"0","005","-","Y","SAC",3,99,"-","-",13.581,"R","4","N","Y",2,"A","-",22350,,"N","A","H","-","C","A","0","Y","A","01",0,0,2,0,0,0,0,0,0,"-","NF","ELK GROVE","SACRAMENTO","CA",0,0
"5538941",-121.402573283,38.439474873,2012,"3450","0","2","4","09",0,1,"A",,,,,,1200,2,"D","C","A","SHELDON RD","RT 99",0,,"Y","2013-10-10",340,"2012-02-28",919,"10015","0","5","5","0","0",,"0",,"-","Y","SAC",3,99,"-","-",14.918,"R","4","S","Y",2,"A","-",21453,"B","N","A","H","-","A","A","0","Y","A","01",0,0,1,0,0,0,0,0,0,"-","SF","ELK GROVE","SACRAMENTO","CA",0,0
"5538929",-121.370533077,38.4101150569,2012,"3450","0","3","4","09",0,1,"A",,"Y",,,,1500,2,"D","G","A","SIERRA ST","SARA ST",0,,"Y","2013-07-06",340,"2012-02-22",1446,"10068","5106","5","5","0","0",,"0","005","-","N",,0,0,,,0,,,,"N",2,"A","-",21804,"A","N","A","H","-","A","D","0","Y","L","04",0,0,1,0,0,0,1,0,0,"-","-","ELK GROVE","SACRAMENTO","CA",0,0
"5537998",-121.383373026,38.6422150542,2012,"3404","0","1","4","05",0,1,"-",,"Y",,,,1800,3,"A","G","A","WATT AV","LONGVIEW DR",0,,"Y","2013-08-03",3404,"2012-03-19",1713,"0432",,"5","7","0","0",,"0",,"-","N",,0,0,,,0,,,,"N",2,"A","-",21650,"1","N","-","-","-","-","A","0","Y","L","04",0,0,1,0,0,0,1,0,0,"-","-","SACRAMENTO","SACRAMENTO","CA",0,0
"5537994",-121.488436386,38.5850512072,2012,"3404","0","1","4","10",0,1,"B","Y",,,,,1800,3,"G","B","B","E ST","12TH ST",5,"E","N","2013-08-03",3404,"2012-03-26",1721,"565","SACRA","5","7","0","0",,"0","03A","-","N",,0,0,,,0,,,,"N",2,"A","-",21950,"A","N","A","H","-","A","A","0","Y","D","22",0,0,1,0,1,0,0,0,0,"-","-","SACRAMENTO","SACRAMENTO","CA",0,0
"5537565",-121.483153021,38.5726249916,2012,"3404","0","3","4","12",0,2,"B",,,,,,1500,3,"D","C","A","19TH ST","N ST",0,,"Y","2013-07-27",3404,"2012-03-28",1256,"0264","3","5","7","0","0",,"0","00B","-","N",,0,0,,,0,,,,"Y",2,"A","-",21453,"A","N","A","-","-","A","A","0","Y","A","01",0,0,2,0,0,0,0,0,0,"-","-","SACRAMENTO","SACRAMENTO","CA",0,0
"5537118",-121.383506137,38.4089550743,2012,"3450","0","6","3","01",0,2,"A",,,,,"Y",1500,3,"E","I","A","ELK GROVE BL","EAST STOCKTON BL",300,"E","N","2013-07-27",340,"2012-03-24",1408,"10007","5401","5","5","0","0",,"0","005","-","N",,0,0,,,0,,,,"Y",2,"A","-",23152,"A","N","A","H","-","A","D","0","Y","A","08",0,1,1,0,0,0,0,0,0,"-","-","ELK GROVE","SACRAMENTO","CA",0,0
"5537114",-121.417893141,38.4305769484,2012,"3450","0","1","4","03",0,1,"A",,,,"Y",,1500,2,"C","D","A","BRUCEVILLE RD","BIG HORN BL",30,"E","N","2013-07-22",340,"2012-02-27",1340,"10101","2202","5","5","0","0",,"0","002","-","N",,0,0,,,0,,,,"N",2,"A","-",22350,,"N","A","H","-","A","A","0","Y","F","26",0,0,1,0,0,0,0,0,0,"-","-","ELK GROVE","SACRAMENTO","CA",0,0
"5535498",-121.266172772,38.628049698,2012,"3490","0","5","3","03",0,1,"C",,,,,,1800,3,"C","C","A","SUNRISE BL","GOLD COUNTRY BL",25,"N","N","2013-08-10",3400,"2012-03-16",1615,"1355","RC","5","5","0","0",,"0","005","-","N",,0,0,,,0,,,,"Y",3,"A","-",22350,,"N","B","H","-","A","A","0","Y","A","01",0,1,0,0,0,0,0,0,0,"-","-","RANCHO CORDOVA","SACRAMENTO","CA",0,0
"5535496",-121.43587315,38.5104949973,2012,"3404","0","7","3","09",0,2,"A",,,,,,1200,3,"D","C","A","STOCKTON BL","47TH AV",0,,"Y","2013-09-24",3404,"2012-03-18",935,"0230","P6","5","7","0","0",,"0","06B","-","N",,0,0,,,0,,,,"Y",2,"A","-",21806,"A","N","A","H","-","A","A","0","Y","A","01",0,1,1,0,0,0,0,0,0,"-","-","SACRAMENTO","SACRAMENTO","CA",0,0
"5535380",-121.293893089,38.2746349613,2012,"3402","0","7","4","11",0,1,"A","Y",,,,,1800,1,"A","B","D","VINTAGE OAK AV","CEDAR FLAT WY",0,,"Y","2013-06-22",3402,"2012-01-15",1625,"156",,"5","3","0","0",,"0","NORTH","-","N",,0,0,,,0,,,,"N",2,"A","-",21954,"A","N","A","H","-","A","D","0","Y","N","60",0,0,1,0,1,0,0,0,0,"-","-","GALT","SACRAMENTO","CA",0,0
"5535376",-121.310739998,38.2513872838,2012,"3402","0","4","4","03",0,1,"B",,,,,,1200,1,"C","C","A","C ST","WAGON WY",423,"E","N","2013-07-26",3402,"2012-01-26",1132,"74",,"5","3","0","0",,"0","PATROL","-","N",,0,0,,,0,,,,"N",2,"A","-",22350,,"N","A","H","-","A","D","0","Y","A","07",0,0,1,0,0,0,0,0,0,"-","-","GALT","SACRAMENTO","CA",0,0
"5535193",-121.480443034,38.5583950634,2012,"3404","0","7","4","03",0,2,"B",,,,,,1500,3,"C","C","A","BROADWAY","25TH ST",0,,"Y","2013-07-30",3404,"2012-03-25",1440,"0407","4","5","7","0","0",,"0","00A","-","N",,0,0,,,0,,,,"Y",2,"A","-",22350,,"N","A","H","-","A","D","0","Y","A","01",0,0,2,0,0,0,0,0,0,"-","-","SACRAMENTO","SACRAMENTO","CA",0,0
"5535189",-121.42508814,38.612799963,2012,"3404","0","7","4","12",0,1,"C",,,,,,300,3,"D","C","A","EL CAMINO AV","RT 80",0,,"Y","2013-10-11",3404,"2012-03-25",244,"0692","2","5","7","0","0",,"0","00C","-","Y","SAC",3,51,"-","-",4.886,"R","4","S","Y",2,"A","-",21453,"A","F","B","H","-","C","A","0","Y","A","01",0,0,1,0,0,0,0,0,0,"-","WF","SACRAMENTO","SACRAMENTO","CA",0,0
"5535181",-121.436943133,38.6265849761,2012,"3404","0","6","2","03",0,1,"A",,,"Y",,,2100,3,"D","C","A","ARCADE BL","CALLECITA ST",0,,"Y","2013-10-31",3404,"2012-03-24",1917,"545","2","5","7","0","0",,"0","00B","-","N",,0,0,,,0,,,,"Y",4,"A","-",22350,,"N","A","H","-","B","D","0","Y","C","02",1,0,0,0,0,0,0,0,1,"-","-","SACRAMENTO","SACRAMENTO","CA",0,0
"5532659",-121.464733161,38.5371340338,2012,"3404","0","4","4","01",0,1,"A",,,,,,1800,3,"A","C","A","MARTIN LUTHER KING JR BL","17TH AV",55,"S","N","2013-07-25",3404,"2012-03-08",1607,"687",,"5","7","0","0",,"0","06A","-","N",,0,0,,,0,,,,"Y",2,"A","-",23152,"A","N","A","H","-","A","A","0","Y","A","01",0,0,1,0,0,0,0,0,0,"-","-","SACRAMENTO","SACRAMENTO","CA",0,0
"5532655",-121.438373099,38.5158150647,2012,"3404","0","4","4","12",0,1,"A",,,,,,900,3,"D","C","A","STOCKTON BL","LEMON HILL AV",0,,"Y","2013-07-25",3404,"2012-03-08",648,"256",,"5","7","0","0",,"0",,"-","N",,0,0,,,0,,,,"Y",2,"A","-",21453,"A","N","A","H","-","A","A","0","Y","A","07",0,0,1,0,0,0,0,0,0,"-","-","SACRAMENTO","SACRAMENTO","CA",0,0
"5532651",-121.46537315,38.6111450854,2012,"3404","0","2","2","01",0,3,"A",,,,,"Y",2400,3,"A","I","A","EL CAMINO AV","WESTERN AV",180,"E","N","2013-07-25",3404,"2012-03-06",2314,"746",,"5","7","0","0",,"0","02C","-","N",,0,0,,,0,,,,"Y",1,"A","-",23153,"A","N","A","H","-","C","D","0","Y","-","-",1,0,2,0,0,0,0,0,0,"-","-","SACRAMENTO","SACRAMENTO","CA",0,0
"5532647",-121.486223128,38.5758850408,2012,"3404","0","5","4","17",0,1,"B",,,,,,300,3,"D","C","A","L ST","16TH ST",0,,"Y","2013-07-25",3404,"2012-03-02",45,"365","P3","5","7","0","0",,"0","03B","-","N",,0,0,,,0,,,,"N",3,"A","-",21657,,"N","A","H","-","E","A","0","Y","A","01",0,0,1,0,0,0,0,0,0,"-","-","SACRAMENTO","SACRAMENTO","CA",0,0
"5532643",-121.429230269,38.5550251038,2012,"3404","0","5","3","00",0,1,"A",,,"Y",,,1800,3,"H","A","A","FOLSOM BL","64TH ST",66,"W","N","2013-07-25",3404,"2012-03-02",1503,"655","3","5","7","0","0",,"0","00C","-","N",,0,0,,,0,,,,"N",2,"D","-",0,,"N","A","H","-","A","D","0","Y","-","-",0,1,0,0,0,0,0,0,1,"-","-","SACRAMENTO","SACRAMENTO","CA",0,0
"5532640",-121.475563173,38.6164410195,2012,"3404","0","5","4","05",0,1,"A",,"Y",,,,2100,3,"D","G","A","NORTHGATE BL","HAGGIN AV",217,"N","N","2013-07-24",3404,"2012-03-09",1851,"0300","1","5","7","0","0",,"0","00C","-","N",,0,0,,,0,,,,"N",2,"A","-",21650,,"N","A","H","-","C","D","0","Y","L","04",0,0,1,0,0,0,1,0,0,"-","-","SACRAMENTO","SACRAMENTO","CA",0,0
"5532636",-121.447733026,38.6621049793,2012,"3404","0","7","4","09",0,2,"A",,,,,,900,3,"D","C","A","RIO LINDA BL","MARYSVILLE BL",0,,"Y","2013-07-24",3404,"2012-03-04",811,"0394",,"5","7","0","0",,"0","02A","-","N",,0,0,,,0,,,,"Y",2,"A","-",21801,"A","N","A","H","-","A","A","0","Y","A","01",0,0,2,0,0,0,0,0,0,"-","-","SACRAMENTO","SACRAMENTO","CA",0,0
"5532632",-121.463888561,38.58063832,2012,"3404","0","5","2","12",0,1,"A",,"Y",,,"Y",1800,3,"D","G","A","30TH ST","E ST",0,,"Y","2013-10-11",3404,"2012-03-02",1628,"0668",,"5","7","0","0",,"0","03C","-","Y","SAC",3,51,"-","-",1.579,"R","4","N","N",2,"A","-",21453,"A","N","A","H","-","A","A","0","Y","L","04",1,0,0,0,0,0,1,0,0,"-","-","SACRAMENTO","SACRAMENTO","CA",0,0
"5532628",-121.447983096,38.6367050252,2012,"3404","0","7","4","09",0,1,"-",,,,,,1500,3,"F","C","A","GRAND AV","ALTOS AV",0,,"Y","2013-07-24",3404,"2012-03-11",1254,"0270","2","5","7","0","0",,"0","00A","-","N",,0,0,,,0,,,,"Y",2,"A","-",21802,"B","N","-","-","-","-","A","0","Y","A","01",0,0,1,0,0,0,0,0,0,"-","-","SACRAMENTO","SACRAMENTO","CA",0,0
"5532570",0,0,2012,"3404","0","1","4","03",0,1,"A",,,,,,900,2,"C","C","A","NATOMAS BL","PARKWAY PLAZA DRWY",0,,"Y","2013-09-05",3404,"2012-02-27",828,"0814",,"5","7","0","0",,"0","01A","-","N",,0,0,,,0,,,,"Y",2,"A","-",22350,,"N","A","H","-","A","A","0","Y","A","01",0,0,1,0,0,0,0,0,0,"-","-","SACRAMENTO","SACRAMENTO","CA",0,0
"5532539",-121.442873018,38.5668150453,2012,"3404","0","5","4","05",0,1,"A",,"Y",,,,1800,3,"-","G","A","49TH ST","J ST",0,,"Y","2013-08-03",3404,"2012-03-02",1703,"247","3","5","7","0","0",,"0","00C","-","N",,0,0,,,0,,,,"N",2,"A","-",21650,"1","N","A","H","-","A","D","0","Y","L","04",0,0,1,0,0,0,1,0,0,"-","-","SACRAMENTO","SACRAMENTO","CA",0,0
"5532535",-121.390703149,38.5294647406,2012,"3404","0","5","2","07",0,1,"A",,,,,,1800,3,"B","C","A","FLORIN PERKINS RD","24TH AV",306,"S","N","2013-08-03",3404,"2012-03-09",1516,"824","6","5","7","0","0",,"0","00C","-","N",,0,0,,,0,,,,"Y",2,"A","-",21658,"A","N","A","H","-","A","D","0","Y","A","01",1,0,0,0,0,0,0,0,0,"-","-","SACRAMENTO","SACRAMENTO","CA",0,0
"5532485",-121.276216715,38.6746656573,2012,"3496","0","1","4","08",0,1,"A",,,,,,1500,2,"D","C","A","BIRDCAGE ST","FARMGATE WY",474,"N","N","2013-07-13",3496,"2012-02-27",1216,"157",,"5","5","0","0",,"0","003","-","N",,0,0,,,0,,,,"N",2,"A","-",22102,,"N","A","H","-","A","D","0","Y","A","01",0,0,1,0,0,0,0,0,0,"-","-","CITRUS HEIGHTS","SACRAMENTO","CA",0,0
"5532481",-121.272213056,38.6668449852,2012,"3496","0","1","4","12",0,1,"A",,,,,,1800,2,"D","C","A","SUNRISE BL","UPLANDS WY",0,,"Y","2013-09-16",3496,"2012-02-20",1730,"255",,"5","5","0","0",,"0","003","-","N",,0,0,,,0,,,,"N",2,"A","-",21453,"A","N","A","H","-","A","A","0","Y","A","01",0,0,1,0,0,0,0,0,0,"-","-","CITRUS HEIGHTS","SACRAMENTO","CA",0,0
"5532478",-121.290415365,38.7188315178,2012,"3496","0","3","4","03",0,1,"A",,,,,,1800,2,"C","C","A","AUBURN BL","TWIN OAKS AV",148,"N","N","2013-07-13",3496,"2012-02-22",1712,"190",,"5","5","0","0",,"0",,"-","N",,0,0,,,0,,,,"Y",4,"A","-",22350,,"N","A","H","-","A","A","0","Y","A","01",0,0,1,0,0,0,0,0,0,"-","-","CITRUS HEIGHTS","SACRAMENTO","CA",0,0
"5532382",-121.450373103,38.5985150177,2012,"3404","0","3","4","03",0,1,"A",,,,,,1500,2,"C","C","A","EXPOSITION BL","EXPO PKWY",0,,"Y","2013-07-15",3404,"2012-02-22",1402,"769",,"5","7","0","0",,"0","02C","-","N",,0,0,,,0,,,,"N",2,"A","-",22350,,"N","A","H","-","A","A","0","Y","A","01",0,0,1,0,0,0,0,0,0,"-","-","SACRAMENTO","SACRAMENTO","CA",0,0
"5532378",-121.457906508,38.5708272865,2012,"3404","0","3","4","03",0,1,"B",,,,,,900,2,"C","C","A","J ST","E 36TH ST",120,"E","N","2013-07-15",3404,"2012-02-29",745,"0778",,"5","7","0","0",,"0","03C","C","N",,0,0,,,0,,,,"Y",2,"A","-",22350,,"N","B","H","-","A","D","0","Y","-","-",0,0,1,0,0,0,0,0,0,"-","-","SACRAMENTO","SACRAMENTO","CA",0,0
"5532374",0,0,2012,"3404","0","3","4","03",0,6,"A",,,,,,2100,2,"B","C","A","ELVAS AV","ELVAS AV 5900",76,"S","N","2013-07-15",3404,"2012-02-29",1934,"0668",,"5","7","0","0",,"0","03C","-","N",,0,0,,,0,,,,"Y",2,"A","-",22350,,"F","A","H","-","C","D","0","Y","-","-",0,0,6,0,0,0,0,0,0,"-","-","SACRAMENTO","SACRAMENTO","CA",0,0
"5531829",-121.190844084,38.6446919393,2012,"3401","0","5","4","08",0,1,"C",,,,,,1500,3,"A","C","A","FOLSOM BL","IRON POINT RD",175,"N","N","2013-07-24",3401,"2012-03-16",1359,"209",,"5","5","0","0",,"0","004","-","N",,0,0,,,0,,,,"Y",2,"A","-",22107,,"N","B","H","-","A","D","0","Y","A","01",0,0,1,0,0,0,0,0,0,"-","-","FOLSOM","SACRAMENTO","CA",0,0
"5531817",-121.177423043,38.6881808706,2012,"3401","0","5","4","08",0,1,"C",,,,,,1500,3,"B","C","A","FOLSOM BL","OAK AV",470,"N","N","2013-07-24",3401,"2012-03-16",1216,"209",,"5","5","0","0",,"0","001","-","N",,0,0,,,0,,,,"N",2,"A","-",22107,,"N","B","H","-","A","D","0","Y","D","22",0,0,1,0,0,0,0,0,0,"-","-","FOLSOM","SACRAMENTO","CA",0,0
"5531813",-121.188973021,38.6921650539,2012,"3401","0","6","4","09",0,1,"B",,,,,"Y",2400,3,"D","C","A","AMERICAN RIVER CANYON DR","CANYON RIM DR",0,,"Y","2013-07-24",3401,"2012-03-17",2127,"221","3401","5","5","0","0",,"0","001","C","N",,0,0,,,0,,,,"Y",2,"A","-",21802,"B","N","B","H","-","C","D","0","Y","D","22",0,0,1,0,0,0,0,0,0,"-","-","FOLSOM","SACRAMENTO","CA",0,0
"5530738",-121.499382654,38.5769244086,2012,"3404","0","3","4","10",0,1,"A","Y",,,,,900,3,"G","B","B","7TH ST","N ST",8,"S","N","2013-08-03",3404,"2012-03-07",828,"0486",,"5","7","0","0",,"0",,"-","N",,0,0,,,0,,,,"N",2,"A","-",21950,"A","N","A","H","-","A","A","0","Y","A","08",0,0,1,0,1,0,0,0,0,"-","-","SACRAMENTO","SACRAMENTO","CA",0,0
"5530730",-121.492272895,38.5247624869,2012,"3404","0","4","4","03",0,1,"A",,,,,,1500,3,"C","C","A","FRUITRIDGE RD","HELEN WY",60,"W","N","2013-08-05",3404,"2012-03-01",1330,"0685","4","5","7","0","0",,"0","04B","-","N",,0,0,,,0,,,,"N",2,"A","-",22350,,"N","A","H","-","A","A","0","Y","A","01",0,0,1,0,0,0,0,0,0,"-","-","SACRAMENTO","SACRAMENTO","CA",0,0
"5530726",-121.352923061,38.3916050289,2012,"3450","0","2","4","08",0,2,"G",,,,,,1500,3,"D","C","A","MOSHER RD","WATERMAN RD",0,,"Y","2013-08-05",340,"2012-03-06",1337,"10060","5604","5","5","0","0",,"0","005","-","N",,0,0,,,0,,,,"Y",2,"A","-",22107,,"N","A","H","-","A","D","0","Y","A","01",0,0,2,0,0,0,0,0,0,"-","-","ELK GROVE","SACRAMENTO","CA",0,0
"5530722",-121.427523041,38.5160050433,2012,"3404","0","1","3","01",0,2,"B",,,,,"Y",2400,3,"D","C","A","65TH ST EXPWY","LEMON HILL AV",0,,"Y","2013-08-03",3404,"2012-03-05",2100,"0222",,"5","7","0","0",,"0","06C","-","N",,0,0,,,0,,,,"Y",2,"A","-",23153,"A","F","A","H","-","C","A","0","Y","A","07",0,1,1,0,0,0,0,0,0,"-","-","SACRAMENTO","SACRAMENTO","CA",0,0
"5529542",-121.409022912,38.4960007254,2012,"3400","4","3","4","01",0,1,"A",,,,,"Y",2100,2,"C","C","A","POWER INN RD","FLORIN RD",38,"S","N","2013-07-20",9252,"2012-02-08",1946,"17917",,"2","9","0","2",,"2","073","-","N",,0,0,,,0,,,,"Y",3,"A","-",23152,"A","M","A","H","-","C","D","0","Y","A","01",0,0,1,0,0,0,0,0,0,"-","-","UNINCORPORATED","SACRAMENTO","CA",-121.4087,38.4958