"CASEID","POINT_X","POINT_Y","YEAR_","LOCATION","CHPTYPE","DAYWEEK","CRASHSEV","VIOLCAT","KILLED","INJURED","WEATHER1","PEDCOL","BICCOL","MCCOL","TRUCKCOL","ETOH","TIMECAT","MONTH_","CRASHTYP","INVOLVE","PED","PRIMARYRD","SECONDRD","DISTANCE","DIRECT","INTERSECT_","PROCDATE","JURIS","DATE_","TIME_","BADGE","JURIDIST","SHIFT","POP","SPECIAL","BEATTYPE","LAPDDIV","BEATCLAS","BEATNUMB","WEATHER2","STATEHW","CALTRANC","CALTRAND","STROUTE","ROUTESUF","POSTPRE","POSTMILE","LOCATYPE","RAMP","SIDEHW","TOWAWAY","PARTIES","PCF","VIOLCODE","VIOL","VIOLSUB","HITRUN","ROADSURF","RDCOND1","RDCOND2","LIGHTING","RIGHTWAY","CHPRDTYP","NOTPRIV","STFAULT","CHPFAULT","SEVINJ","OTHERINJ","COP","PEDKILL","PEDINJ","BICKILL","BICINJ","MCKILL","MCINJURE","RAMP1","RAMP2","CITY","COUNTY","STATE","X_CHP","Y_CHP"
"5475359",-121.452314637,38.6448449311,2012,"3404","0","2","2","11",0,1,"A","Y",,,,,2100,1,"G","B","E","TAYLOR ST","REGGINALD WY",40,"N","N","2013-06-08",3404,"2012-01-10",1918,"0647",,"5","7","0","0",,"0","02A","-","N",,0,0,,,0,,,,"N",2,"A","-",21954,"A","N","A","H","-","C","D","0","Y","N","60",1,0,0,0,1,0,0,0,0,"-","-","SACRAMENTO","SACRAMENTO","CA",0,0
"5475284",-121.409423155,38.5553093258,2012,"3404","0","3","2","01",0,2,"A",,,,,"Y",2100,1,"C","C","A","HOWE AV","COLLEGE TOWN DR",64,"S","N","2013-06-08",3404,"2012-01-18",1942,"0655","3","5","7","0","0",,"0","00C","-","N",,0,0,,,0,,,,"Y",3,"A","-",23153,"A","F","A","H","-","C","A","0","Y","D","22",1,1,0,0,0,0,0,0,0,"-","-","SACRAMENTO","SACRAMENTO","CA",0,0
"5474767",0,0,2012,"3450","0","6","2","03",0,1,"A",,,"Y","Y",,2100,1,"F","-","A","JEF JEN WY","FRANK GREG WY",700,"N","N","2013-06-15",340,"2012-01-07",1920,"10097","4302","5","5","0","0",,"0","004","-","N",,0,0,,,0,,,,"N",2,"A","-",22350,,"N","A","H","-","D","D","0","Y","C","02",1,0,0,0,0,0,0,0,1,"-","-","ELK GROVE","SACRAMENTO","CA",0,0
"5472104",-121.48001309,38.5729950714,2012,"3404","0","1","4","12",0,2,"A",,,,,,1500,1,"D","C","A","21ST ST","CAPITOL AVE",0,,"Y","2013-07-10",3404,"2012-01-09",1432,"0837",,"5","7","0","0",,"0","03B","-","N",,0,0,,,0,,,,"N",3,"A","-",21453,"A","N","A","H","-","A","A","0","Y","A","01",0,0,2,0,0,0,0,0,0,"-","-","SACRAMENTO","SACRAMENTO","CA",0,0
"5472103",-121.466673038,38.5694550101,2012,"3404","0","1","4","12",0,1,"A",,,,,,1500,1,"D","C","A","ALHAMBRA BL","FOLSOM BL",0,,"Y","2013-07-10",3404,"2012-01-09",1343,"0635","3","5","7","0","0",,"0","00C","-","N",,0,0,,,0,,,,"Y",2,"A","-",21453,"A","N","A","H","-","A","A","0","Y","D","22",0,0,1,0,0,0,0,0,0,"-","-","SACRAMENTO","SACRAMENTO","CA",0,0
"5472033",-121.497803122,38.5703650445,2012,"3404","0","2","4","09",0,1,"A","Y",,,,,1800,1,"G","B","B","10TH ST","S ST",0,,"Y","2013-06-14",3404,"2012-01-10",1729,"0571",,"5","7","0","0",,"0",,"-","N",,0,0,,,0,,,,"N",2,"A","-",21804,"A","N","A","H","-","C","A","0","Y","D","22",0,0,1,0,1,0,0,0,0,"-","-","SACRAMENTO","SACRAMENTO","CA",0,0
"5468857",-121.455403074,38.5198449755,2012,"3400","4","1","4","09",0,1,"A",,,,,,1800,1,"D","C","A","44TH ST","37TH AV",0,,"Y","2013-06-06",9252,"2012-01-09",1550,"13720",,"2","9","0","2",,"1","071","-","N",,0,0,,,0,,,,"N",2,"A","-",21802,"A","N","A","H","-","A","A","0","Y","D","22",0,0,1,0,0,0,0,0,0,"-","-","UNINCORPORATED","SACRAMENTO","CA",-121.45534,38.51945
"5468834",-121.420271964,38.471753384,2012,"3400","3","2","3","07",0,2,"A",,,,,,2100,1,"E","I","A","RT 99","MACK RD",800,"S","N","2013-09-11",9252,"2012-01-10",1920,"13732",,"2","9","0","1",,"2","191","-","Y","SAC",3,99,"-","-",17.5,"H","-","S","Y",2,"A","-",21658,"A","F","A","H","-","C","D","1","Y","A","08",0,1,1,0,0,0,0,0,0,"-","-","UNINCORPORATED","SACRAMENTO","CA",-121.4205,38.47197
"5468823",-121.422774734,38.474070203,2012,"3404","3","5","3","03",0,1,"B",,,,,,1800,1,"C","C","A","RT 99","MACK RD",150,"S","N","2013-09-12",9252,"2012-01-20",1657,"018723",,"2","7","0","1",,"2","191","C","Y","SAC",3,99,"-","-",17.63,"H","-","S","N",3,"A","-",22350,,"N","B","H","-","B","D","1","Y","D","22",0,1,0,0,0,0,0,0,0,"-","-","SACRAMENTO","SACRAMENTO","CA",-121.41963,38.47097
"5468821",-121.422593072,38.5973150274,2012,"3404","0","4","4","09",0,1,"A",,,,,,2100,1,"D","C","A","ARDEN WAY","ALTA ARDEN EXPWY",0,,"Y","2013-06-22",3404,"2012-01-26",1821,"774",,"5","7","0","0",,"0","02C","-","N",,0,0,,,0,,,,"Y",2,"A","-",21801,"A","N","A","H","-","C","A","0","Y","D","22",0,0,1,0,0,0,0,0,0,"-","-","SACRAMENTO","SACRAMENTO","CA",0,0
"5468818",-121.4494031,38.49913512,2012,"3400","4","3","3","05",0,1,"A",,"Y",,,,2100,1,"D","C","A","FLORIN RD","RT 99",0,,"Y","2013-09-11",9252,"2012-01-11",1835,"15718",,"2","9","0","2",,"1","072","-","Y","SAC",3,99,"-","-",19.808,"R","1","S","N",2,"A","-",21650,"1","F","A","H","-","C","A","1","Y","L","04",0,1,0,0,0,0,1,0,0,"-","-","UNINCORPORATED","SACRAMENTO","CA",-121.44866,38.49604
"5468815",-121.359252877,38.373519266,2012,"3400","3","3","3","01",0,1,"A",,,,"Y","Y",2100,1,"D","C","A","RT 99","GRANT LINE RD",300,"N","N","2013-12-12",9252,"2012-01-18",1925,"015534",,"2","9","0","1",,"2","191","-","Y","SAC",3,99,"-","-",9.877,"R","2","S","Y",2,"A","-",23152,"A","N","A","H","-","E","D","1","Y","A","01",0,1,0,0,0,0,0,0,0,"-","-","UNINCORPORATED","SACRAMENTO","CA",-121.36267,38.37677
"5468814",-121.426723782,38.478075993,2012,"3404","3","3","2","03",0,5,"A",,,,"Y",,1800,1,"C","C","A","RT 99","MACK RD",1465,"N","N","2013-09-12",9252,"2012-01-11",1720,"17663",,"2","7","0","1",,"2","192","-","Y","SAC",3,99,"-","-",17.94,"H","-","N","Y",3,"A","-",22350,,"N","A","H","-","B","A","1","Y","F","55",1,1,3,0,0,0,0,0,0,"FR","-","SACRAMENTO","SACRAMENTO","CA",-121.4151,38.46575
"5468810",-121.333170261,38.337783807,2012,"3400","3","3","4","03",0,2,"A",,,,,,1500,1,"C","C","A","RT 99","DILLARD RD",1900,"S","N","2013-09-12",9252,"2012-01-11",1205,"17258",,"1","9","0","1",,"2","190","-","Y","SAC",3,99,"-","-",7,"H","-","S","Y",3,"A","-",22350,,"N","A","H","-","A","D","1","Y","D","22",0,0,2,0,0,0,0,0,0,"-","-","UNINCORPORATED","SACRAMENTO","CA",-121.33028,38.33124
"5468802",-121.302614622,38.271489561,2012,"3402","3","7","4","03",0,3,"A",,,,,,1200,1,"C","C","A","RT 99","AYERS LN",1000,"N","N","2013-09-12",9252,"2012-01-08",1020,"17939",,"1","3","0","1",,"2","190","-","Y","SAC",3,99,"-","-",2.07,"H","-","N","Y",2,"A","-",22350,,"N","A","H","-","A","D","1","Y","A","01",0,0,3,0,0,0,0,0,0,"-","-","GALT","SACRAMENTO","CA",-121.30289,38.27225
"5468798",-121.444603079,38.3208650005,2012,"3400","5","2","4","12",0,1,"A",,,,,,2100,1,"D","C","A","FRANKLIN BL","LAMBERT RD",0,,"Y","2013-06-07",9252,"2012-01-24",1910,"012717",,"2","9","0","3",,"2","080","-","N",,0,0,,,0,,,,"Y",2,"A","-",22450,"A","N","A","H","-","D","D","0","Y","D","22",0,0,1,0,0,0,0,0,0,"-","-","UNINCORPORATED","SACRAMENTO","CA",-121.44437,38.32091
"5468790",-121.444993036,38.4847050001,2012,"3400","4","5","3","09",0,1,"B",,,,,,1800,1,"D","C","A","CENTER PKWY","SOUTH PKWY",0,,"Y","2013-06-07",9252,"2012-01-20",1545,"016484",,"2","9","0","2",,"1","072","C","N",,0,0,,,0,,,,"Y",2,"A","-",21802,"A","N","B","H","-","A","A","0","Y","A","01",0,1,0,0,0,0,0,0,0,"-","-","UNINCORPORATED","SACRAMENTO","CA",-121.44475,38.48475
"5468775",-121.462829613,38.581994966,2012,"3404","3","3","4","03",0,1,"A",,,,,,1800,1,"C","C","A","RT 51","B ST",200,"S","N","2013-09-12",9252,"2012-01-18",1727,"013732",,"2","7","0","1",,"2","193","-","Y","SAC",3,51,"-","-",1.69,"H","-","N","N",3,"A","-",22350,,"N","A","H","-","C","D","1","Y","D","22",0,0,1,0,0,0,0,0,0,"-","-","SACRAMENTO","SACRAMENTO","CA",-121.46311,38.58162
"5468767",-121.4116331,38.553335127,2012,"3404","2","3","4","03",0,1,"A",,,,,,1800,1,"C","C","A","RT 50","HOWE AV",500,"W","N","2013-09-09",9252,"2012-01-25",1655,"017663",,"2","7","0","1",,"2","151","-","Y","SAC",3,50,"-","R",3.426,"R","1","W","Y",2,"A","-",22350,,"N","A","H","-","A","A","1","Y","D","22",0,0,1,0,0,0,0,0,0,"FR","-","SACRAMENTO","SACRAMENTO","CA",-121.41021,38.55411
"5468755",-121.394916041,38.42282617,2012,"3450","3","5","4","08",0,1,"C",,,,"Y",,2400,1,"F","A","A","RT 99","LAGUNA BL",600,"S","N","2013-09-12",9252,"2012-01-20",2215,"18424",,"3","5","0","1",,"2","191","-","Y","SAC",3,99,"-","-",13.73,"H","-","N","Y",1,"A","-",22107,,"N","B","H","-","C","D","1","Y","G","25",0,0,1,0,0,0,0,0,0,"-","-","ELK GROVE","SACRAMENTO","CA",-121.3948,38.4229
"5468751",-121.451605726,38.58531193,2012,"3404","3","5","4","03",0,1,"C",,,,,,1800,1,"C","C","A","RT 51","ELVAS UP",300,"S","N","2013-09-12",9252,"2012-01-20",1720,"018073",,"2","7","0","1",,"2","193","-","Y","SAC",3,51,"-","-",2.37,"H","-","N","Y",3,"A","-",22350,,"N","B","H","-","D","D","1","Y","D","22",0,0,1,0,0,0,0,0,0,"-","-","SACRAMENTO","SACRAMENTO","CA",-121.45269,38.58509
"5468748",-121.481921968,38.5587928518,2012,"3404","0","5","4","03",0,3,"A",,,,,,900,1,"C","C","A","BROADWAY","24TH ST",54,"W","N","2013-06-15",3404,"2012-01-27",744,"732","4","5","7","0","0",,"0","00A","G","N",,0,0,,,0,,,,"N",2,"A","-",22350,,"N","A","H","-","A","A","0","Y","A","07",0,0,3,0,0,0,0,0,0,"-","-","SACRAMENTO","SACRAMENTO","CA",0,0
"5468495",0,0,2012,"3404","0","7","4","09",0,1,"-",,,,,,2100,1,"D","C","A","WEST EL CAMINO AV","WEST RIVER DR",0,,"Y","2013-06-20",3404,"2012-01-22",2019,"0281","1","5","7","0","0",,"0","00B","-","N",,0,0,,,0,,,,"N",2,"A","-",21802,"A","N","-","-","-","-","D","0","Y","-","-",0,0,1,0,0,0,0,0,0,"-","-","SACRAMENTO","SACRAMENTO","CA",0,0
"5468487",-121.37519315,38.553115009,2012,"3404","0","1","4","08",0,1,"A",,,,"Y",,1800,1,"B","C","A","WATT AV","FOLSOM BL",0,"N","N","2013-06-20",3404,"2012-01-16",1756,"500",,"5","7","0","0",,"0",,"-","N",,0,0,,,0,,,,"Y",2,"A","-",22107,,"N","A","H","-","C","A","0","Y","A","01",0,0,1,0,0,0,0,0,0,"-","-","SACRAMENTO","SACRAMENTO","CA",0,0
"5468236",-121.379753056,38.4380250131,2012,"3450","0","3","4","12",0,2,"A",,,,"Y",,900,1,"D","C","A","SHELDON RD","SPRINGHURST DR",0,,"Y","2013-08-06",340,"2012-01-04",647,"10167","3404","5","5","0","0",,"0","003","-","N",,0,0,,,0,,,,"Y",2,"A","-",21453,"A","N","A","H","-","B","A","0","Y","F","27",0,0,2,0,0,0,0,0,0,"-","-","ELK GROVE","SACRAMENTO","CA",0,0
"5467437",-121.489239624,38.5495957051,2012,"3404","0","3","3","12",0,1,"A",,"Y",,,,1800,1,"D","G","A","FREEPORT BL","BIDWELL WY",4,"E","N","2013-09-03",3404,"2012-01-11",1514,"358","4","5","7","0","0",,"0","04A","-","N",,0,0,,,0,,,,"N",2,"A","-",22450,,"F","A","H","-","A","A","0","Y","A","01",0,1,0,0,0,0,1,0,0,"-","-","SACRAMENTO","SACRAMENTO","CA",0,0
"5466594",-121.484783111,38.562015017,2012,"3404","0","7","2","01",0,2,"A",,,,,"Y",600,1,"D","C","A","21ST ST","W ST",0,,"Y","2013-06-14",3404,"2012-01-15",453,"727",,"5","7","0","0",,"0",,"-","N",,0,0,,,0,,,,"Y",2,"A","-",23153,"A","N","A","H","-","C","A","0","Y","A","07",1,0,1,0,0,0,0,0,0,"-","-","SACRAMENTO","SACRAMENTO","CA",0,0
"5466331",0,0,2012,"3400","4","6","3","09",0,1,"A",,,,,,2400,1,"D","C","A","FLORIN RD","FAWN WY",30,"N","N","2013-06-20",9252,"2012-01-07",2130,"18523",,"2","9","0","2",,"2","073","-","N",,0,0,,,0,,,,"N",2,"A","-",21802,"A","N","A","H","-","C","D","0","Y","A","08",0,1,0,0,0,0,0,0,0,"-","-","UNINCORPORATED","SACRAMENTO","CA",-121.43149,38.49639
"5466327",0,0,2012,"3400","4","5","4","03",0,1,"A",,,,,,1800,1,"C","C","A","ELK GROVE FLORIN RD","MCCOY AV",75,"S","N","2013-06-20",9252,"2012-01-06",1710,"18668",,"2","9","0","2",,"2","073","-","N",,0,0,,,0,,,,"Y",5,"A","-",22350,,"N","A","H","-","D","D","0","Y","D","22",0,0,1,0,0,0,0,0,0,"-","-","UNINCORPORATED","SACRAMENTO","CA",-121.37205,38.48636
"5465191",-121.336305758,38.5635999755,2012,"3400","4","5","4","03",0,1,"B",,,,,,1500,1,"C","C","A","BRADSHAW RD","MICRON AV",20,"N","N","2013-06-10",9260,"2012-01-20",1240,"017550",,"1","9","0","2",,"2","102","C","N",,0,0,,,0,,,,"N",2,"A","-",22350,,"N","B","H","-","A","A","0","Y","D","22",0,0,1,0,0,0,0,0,0,"-","-","UNINCORPORATED","SACRAMENTO","CA",0,0
"5465179",-121.263899843,38.611632127,2012,"3400","2","2","4","03",0,1,"B",,,,,,1200,1,"C","C","A","RT 50","SUNRISE BL",3168,"W","N","2013-09-09",9260,"2012-01-24",905,"013284",,"1","9","0","1",,"2","501","-","Y","SAC",3,50,"-","R",11.93,"H","-","W","Y",3,"A","-",22350,,"N","A","H","-","A","D","1","Y","D","22",0,0,1,0,0,0,0,0,0,"-","-","UNINCORPORATED","SACRAMENTO","CA",0,0
"5465090",-121.427833069,38.5483650627,2012,"3404","0","2","4","-",0,1,"B",,"Y",,,"Y",900,1,"D","B","A","65TH ST","4TH AV",0,,"Y","2013-06-14",3404,"2012-01-24",815,"0225",,"5","7","0","0",,"0",,"E","N",,0,0,,,0,,,,"N",2,"A","-",0,,"N","D","H","-","A","D","0","Y","L","04",0,0,1,0,0,0,1,0,0,"-","-","SACRAMENTO","SACRAMENTO","CA",0,0
"5465086",-121.474013011,38.4905049694,2012,"3404","0","7","4","12",0,2,"A",,,,,,2100,1,"D","C","A","29TH ST","GARDENDALE RD",0,,"Y","2013-06-21",3404,"2012-01-29",1837,"0456","5","5","7","0","0",,"0","00A","-","N",,0,0,,,0,,,,"Y",2,"A","-",22450,"A","N","A","H","-","C","A","0","Y","D","22",0,0,2,0,0,0,0,0,0,"-","-","SACRAMENTO","SACRAMENTO","CA",0,0
"5463632",-121.493473591,38.4958816696,2012,"3404","0","1","4","03",0,2,"A",,,,,,1800,1,"C","E","A","FLORIN RD","CROMWELL WY",618,"E","N","2013-06-12",3404,"2012-01-09",1544,"0320","5","5","7","0","0",,"0","05A","-","N",,0,0,,,0,,,,"N",2,"A","-",22350,,"N","A","H","-","A","D","0","Y","-","-",0,0,2,0,0,0,0,0,0,"-","-","SACRAMENTO","SACRAMENTO","CA",0,0
"5462613",-121.161575658,38.642382383,2012,"3400","2","3","3","08",0,2,"A",,,,,,1800,1,"F","A","A","RT 50","PRAIRIE CITY RD",1000,"W","N","2013-09-11",9260,"2012-01-04",1610,"14633",,"2","9","0","1",,"2","502","-","Y","SAC",3,50,"-","-",19.05,"H","-","W","Y",1,"A","-",22107,,"N","A","H","-","A","D","1","Y","A","01",0,1,1,0,0,0,0,0,0,"-","-","UNINCORPORATED","SACRAMENTO","CA",-121.16488,38.64259
"5462609",-121.36272322,38.5070933218,2012,"3400","5","3","4","03",0,1,"A",,,,,,1200,1,"C","C","A","HEDGE AV","TOKAY LN",3,"N","N","2013-06-10",9260,"2012-01-04",1015,"17084",,"1","9","0","3",,"2","001","-","N",,0,0,,,0,,,,"Y",2,"A","-",22350,,"N","A","H","-","A","D","0","Y","A","01",0,0,1,0,0,0,0,0,0,"-","-","UNINCORPORATED","SACRAMENTO","CA",-121.21457,38.30256
"5461691",-121.450023061,38.4087550485,2012,"3450","0","1","4","12",0,1,"A",,,,,,1800,1,"D","C","A","ELK GROVE BL","FRANKLIN BL",0,,"Y","2013-06-12",340,"2012-01-23",1638,"10298","4102","5","5","0","0",,"0","004","-","N",,0,0,,,0,,,,"Y",2,"A","-",21453,"A","N","A","H","-","A","A","0","Y","A","01",0,0,1,0,0,0,0,0,0,"-","-","ELK GROVE","SACRAMENTO","CA",0,0
"5461687",-121.334673127,38.4227812129,2012,"3450","0","1","4","03",0,1,"A",,,,,,900,1,"C","C","A","BRADSHAW RD","BOND RD",300,"S","N","2013-06-11",340,"2012-01-30",758,"10060","5205","5","5","0","0",,"0","005","-","N",,0,0,,,0,,,,"Y",2,"A","-",22350,,"N","A","H","-","A","A","0","Y","A","01",0,0,1,0,0,0,0,0,0,"-","-","ELK GROVE","SACRAMENTO","CA",0,0
"5461432",0,0,2012,"3404","0","2","4","03",0,2,"A",,,,,,1500,1,"C","C","A","SUTTERVILLE RD","FREEPORT BL",234,"E","N","2013-06-19",3404,"2012-01-31",1256,"0714",,"5","7","0","0",,"0",,"-","N",,0,0,,,0,,,,"Y",2,"A","-",22350,,"N","A","H","-","A","D","0","Y","A","07",0,0,2,0,0,0,0,0,0,"-","-","SACRAMENTO","SACRAMENTO","CA",0,0
"5460900",-121.365115453,38.5472155409,2012,"3400","4","7","4","08",0,1,"A",,,,,,1500,1,"E","I","A","KIEFER BL","ROSEMONT DR",500,"E","N","2013-08-02",9260,"2012-01-15",1205,"17550",,"1","9","0","2",,"2","102","-","N",,0,0,,,0,,,,"Y",1,"A","-",22107,,"N","A","H","-","A","D","0","Y","A","01",0,0,1,0,0,0,0,0,0,"-","-","UNINCORPORATED","SACRAMENTO","CA",0,0
"5460877",-121.277481139,38.599252592,2012,"3400","2","6","3","03",0,1,"A",,,,,,900,1,"F","A","A","RT 50","SUNRISE BL",4325,"W","N","2013-12-12",9260,"2012-01-07",822,"017084",,"1","9","0","1",,"2","501","-","Y","SAC",3,50,"-","R",11.68,"H","-","E","Y",1,"A","-",22350,,"N","A","B","D","A","D","1","Y","J","49",0,1,0,0,0,0,0,0,0,"-","-","UNINCORPORATED","SACRAMENTO","CA",-121.16398,38.35545
"5460869",-121.372276105,38.547803556,2012,"3400","4","7","4","08",0,1,"A",,,,,,900,1,"B","C","A","SOUTH WATT AV","KIEFER BL",265,"N","N","2013-06-10",9260,"2012-01-15",840,"017550",,"1","9","0","2",,"2","102","-","N",,0,0,,,0,,,,"Y",2,"A","-",22107,,"N","A","H","-","A","D","0","Y","A","01",0,0,1,0,0,0,0,0,0,"-","-","UNINCORPORATED","SACRAMENTO","CA",0,0
"5460868",-121.230641884,38.623975231,2012,"3490","2","1","4","03",0,1,"B",,,,,,1800,1,"C","C","A","RT 50","MINE SHAFT LN",800,"W","N","2013-09-11",9260,"2012-01-23",1700,"013147",,"2","5","0","1",,"2","502","-","Y","SAC",3,50,"-","-",14.96,"H","-","E","Y",3,"A","-",22350,,"N","B","H","-","A","D","1","Y","A","01",0,0,1,0,0,0,0,0,0,"-","-","RANCHO CORDOVA","SACRAMENTO","CA",0,0
"5460864",-121.256754299,38.614289508,2012,"3400","2","2","4","07",0,1,"A",,,,,,900,1,"C","C","A","RT 50","SUNRISE BL",3696,"E","N","2013-10-11",9260,"2012-01-24",855,"013284",,"1","9","0","1",,"2","501","-","Y","SAC",3,50,"-","-",13.2,"H","-","W","Y",2,"A","-",21658,"A","N","A","H","-","A","D","1","Y","A","01",0,0,1,0,0,0,0,0,0,"-","-","UNINCORPORATED","SACRAMENTO","CA",0,0
"5460832",-121.362509657,38.560392525,2012,"3400","2","4","4","03",0,1,"A",,,,,,900,1,"C","C","A","RT 50","WATT AV",4752,"E","N","2013-09-11",9260,"2012-01-19",745,"017084",,"1","9","0","1",,"2","501","-","Y","SAC",3,50,"-","R",6.24,"H","-","E","N",3,"A","-",22350,,"N","A","D","-","A","D","1","Y","A","01",0,0,1,0,0,0,0,0,0,"-","-","UNINCORPORATED","SACRAMENTO","CA",0,0
"5460820",-121.35925698,38.5472939276,2012,"3400","4","1","4","09",0,1,"A",,"Y",,,,1800,1,"H","G","A","KIEFER BL","TALLYHO DR",350,"W","N","2013-06-08",9260,"2012-01-16",1610,"015583",,"2","9","0","2",,"2","102","-","N",,0,0,,,0,,,,"N",2,"A","-",21804,"A","N","A","H","-","A","D","0","Y","A","07",0,0,1,0,0,0,1,0,0,"-","-","UNINCORPORATED","SACRAMENTO","CA",-121.21336,38.32502
"5460800",-121.41802311,38.4235150643,2012,"3450","0","4","4","09",0,1,"A",,,,,,2100,1,"D","C","A","BRUCEVILLE RD","LAGUNA BL",0,,"Y","2013-08-06",340,"2012-01-26",1848,"10229","2304","5","5","0","0",,"0","002","-","N",,0,0,,,0,,,,"Y",2,"A","-",21801,"A","N","A","H","-","C","A","0","Y","J","48",0,0,1,0,0,0,0,0,0,"-","-","ELK GROVE","SACRAMENTO","CA",0,0
"5460780",-121.373840203,38.4089750788,2012,"3450","0","3","4","01",0,2,"A",,,,,,1500,1,"C","C","A","ELK GROVE BL","MELROSE AV",300,"W","N","2013-06-08",340,"2012-01-25",1340,"10007","5105","5","5","0","0",,"0","005","-","N",,0,0,,,0,,,,"N",2,"A","-",23152,"A","N","A","H","-","A","D","0","Y","A","01",0,0,2,0,0,0,0,0,0,"-","-","ELK GROVE","SACRAMENTO","CA",0,0
"5460767",0,0,2012,"3404","0","1","4","12",0,3,"A",,,,,,1500,1,"A","C","A","STATE UNIVERSITY DR","FOLSOM BL",0,,"Y","2013-06-08",3404,"2012-01-16",1448,"0590","3","5","7","0","0",,"0","03C","-","N",,0,0,,,0,,,,"Y",3,"A","-",21453,"A","N","A","H","-","A","A","0","Y","A","01",0,0,3,0,0,0,0,0,0,"-","-","SACRAMENTO","SACRAMENTO","CA",0,0
"5460755",-121.521583048,38.4991550229,2012,"3404","0","7","3","01",0,1,"A",,,,,"Y",2100,1,"B","E","A","HAVENHURST DR","WESTMORELAND WY",0,,"Y","2013-08-06",3404,"2012-01-29",1808,"317","4C","5","7","0","0",,"0","0P4","-","N",,0,0,,,0,,,,"Y",2,"A","-",23152,"A","N","A","H","-","C","D","0","Y","A","01",0,1,0,0,0,0,0,0,0,"-","-","SACRAMENTO","SACRAMENTO","CA",0,0
"5460456",-121.442409474,38.5245250863,2012,"3404","0","7","4","10",0,1,"A","Y",,,,,2100,1,"G","B","F","STOCKTON BL","FRUITRIDGE RD",201,"S","N","2013-06-06",3404,"2012-01-29",2050,"416","GB","5","7","0","0",,"0",,"-","N",,0,0,,,0,,,,"N",2,"A","-",21952,,"N","A","H","-","C","D","0","Y","A","01",0,0,1,0,1,0,0,0,0,"-","-","SACRAMENTO","SACRAMENTO","CA",0,0
"5460404",-121.464813174,38.6471285021,2012,"3404","0","2","3","21",0,1,"A","Y",,,,,1500,1,"G","B","F","E AL CT","MANITOU ST",420,"N","N","2013-06-07",3404,"2012-01-17",1240,"0593",,"5","7","0","0",,"0","02A","-","N",,0,0,,,0,,,,"N",2,"A","-",22106,,"N","A","H","-","A","D","0","Y","-","-",0,1,0,0,1,0,0,0,0,"-","-","SACRAMENTO","SACRAMENTO","CA",0,0
"5459949",-121.383406582,38.558209186,2012,"3400","2","5","3","03",0,1,"A",,,,"Y",,1500,1,"F","A","A","RT 50","WATT AV",0,"E","N","2013-09-11",9260,"2012-01-27",1330,"17550",,"1","9","0","1",,"2","501","-","Y","SAC",3,50,"-","R",5.17,"R","2","E","Y",1,"A","-",22350,,"N","A","H","-","A","D","0","Y","F","27",0,1,0,0,0,0,0,0,0,"TO","-","UNINCORPORATED","SACRAMENTO","CA",-121.22397,38.33305
"5459945",-121.218866179,38.6326575837,2012,"3400","4","3","4","05",0,1,"A",,,,,,900,2,"E","I","A","HAZEL AV","TRIBUTARY PT DR",10,"S","N","2013-09-13",9260,"2012-02-08",730,"014633",,"1","9","0","2",,"2","103","-","N",,0,0,,,0,,,,"Y",2,"A","-",21651,"A","N","A","H","-","A","D","0","Y","D","22",0,0,1,0,0,0,0,0,0,"-","-","UNINCORPORATED","SACRAMENTO","CA",-121.21834,38.63233
"5459941",-121.313245816,38.576142896,2012,"3490","2","4","4","07",0,1,"A",,,,"Y",,1200,2,"B","C","A","RT 50","MATHER SPUR",550,"W","N","2013-09-17",9260,"2012-02-09",1055,"13560",,"1","5","0","1",,"2","501","-","Y","SAC",3,50,"-","R",9.26,"H","-","E","Y",3,"A","-",21658,"A","N","A","H","-","A","D","1","Y","F","26",0,0,1,0,0,0,0,0,0,"-","-","RANCHO CORDOVA","SACRAMENTO","CA",-121,38
"5459859",-121.494307525,38.598134789,2012,"3404","0","3","4","09",0,2,"A",,,"Y",,,900,2,"A","C","A","NORTH 5TH ST","RICHARDS BL",500,"N","N","2013-07-18",3404,"2012-02-15",727,"784","SACRA","5","7","0","0",,"0","03A","-","N",,0,0,,,0,,,,"N",2,"A","-",21801,"A","N","A","H","-","A","D","0","Y","D","22",0,0,2,0,0,0,0,0,1,"-","-","SACRAMENTO","SACRAMENTO","CA",0,0
"5459855",-121.410973335,38.5161357955,2012,"3404","0","4","4","03",0,2,"A",,,,,,2100,2,"C","C","A","LEMON HILL AV","40TH AV",40,"E","N","2013-07-18",3404,"2012-02-09",1925,"280","6C","5","7","0","0",,"0","0P6","-","N",,0,0,,,0,,,,"N",2,"A","-",22350,,"N","A","H","-","C","A","0","Y","D","22",0,0,2,0,0,0,0,0,0,"-","-","SACRAMENTO","SACRAMENTO","CA",0,0
"5459851",-121.476543147,38.4958649705,2012,"3404","0","4","4","03",0,2,"A",,,,,,1500,2,"C","C","A","FLORIN RD","LOMA VERDE WY",0,,"Y","2013-07-18",3404,"2012-02-09",1435,"611",,"5","7","0","0",,"0",,"-","N",,0,0,,,0,,,,"N",4,"A","-",22350,,"M","A","H","-","A","D","0","Y","D","22",0,0,2,0,0,0,0,0,0,"-","-","SACRAMENTO","SACRAMENTO","CA",0,0
"5459714",0,0,2012,"3404","0","4","4","21",0,1,"A",,,,"Y",,900,2,"B","C","A","FOLSOM BL","SMUD 016223",84,"W","N","2013-07-10",3404,"2012-02-09",713,"454",,"5","7","0","0",,"0","03C","-","N",,0,0,,,0,,,,"Y",2,"A","-",22106,,"N","A","H","-","A","D","0","Y","F","27",0,0,1,0,0,0,0,0,0,"-","-","SACRAMENTO","SACRAMENTO","CA",0,0